{
	"textures": {
		"1": "furnitureengine:block/office_chair",
		"3": "furnitureengine:block/stools/gray_stool",
		"particle": "furnitureengine:block/stools/white_stool"
	},
	"elements": [
		{
			"from": [2, 9, 2],
			"to": [14, 12, 14],
			"faces": {
				"north": {"uv": [4, 3, 7, 3.75], "texture": "#3"},
				"east": {"uv": [4.5, 3, 7.5, 3.75], "texture": "#3"},
				"south": {"uv": [4.75, 3, 7.75, 3.75], "texture": "#3"},
				"west": {"uv": [5, 3, 8, 3.75], "texture": "#3"},
				"up": {"uv": [0.5, 0.5, 3.5, 3.5], "texture": "#3"},
				"down": {"uv": [0.5, 4.5, 3.5, 7.5], "texture": "#3"}
			}
		},
		{
			"from": [3, 14, 13],
			"to": [13, 21, 16],
			"faces": {
				"north": {"uv": [0, 2.5, 2.5, 4.25], "texture": "#3"},
				"east": {"uv": [2, 2.5, 2.75, 4.25], "texture": "#3"},
				"south": {"uv": [0, 2.5, 2.5, 4.25], "texture": "#3"},
				"west": {"uv": [2.5, 2.25, 3.25, 4.25], "texture": "#3"},
				"up": {"uv": [0.75, 0.5, 3.25, 1.25], "texture": "#3"},
				"down": {"uv": [0.75, 6.75, 3.25, 7.5], "texture": "#3"}
			}
		},
		{
			"from": [4, 21, 13],
			"to": [12, 22, 16],
			"faces": {
				"north": {"uv": [0, 3.75, 2, 4], "texture": "#3"},
				"east": {"uv": [2, 3.75, 2.75, 4], "texture": "#3"},
				"south": {"uv": [0, 3.75, 2, 4], "texture": "#3"},
				"west": {"uv": [2.75, 3.75, 3.5, 4], "texture": "#3"},
				"up": {"uv": [0.25, 2, 2.25, 2.75], "texture": "#3"},
				"down": {"uv": [0.75, 6.75, 3.25, 7.5], "texture": "#3"}
			}
		},
		{
			"from": [2, 1, 7],
			"to": [4, 3, 9],
			"faces": {
				"north": {"uv": [0, 0, 1, 1], "texture": "#1"},
				"east": {"uv": [0, 0, 1, 1], "texture": "#1"},
				"south": {"uv": [0, 0, 1, 1], "texture": "#1"},
				"west": {"uv": [0, 0, 1, 1], "texture": "#1"},
				"up": {"uv": [0, 0, 1, 1], "texture": "#1"},
				"down": {"uv": [0, 0, 1, 1], "texture": "#1"}
			}
		},
		{
			"from": [7, 1, 12],
			"to": [9, 3, 14],
			"faces": {
				"north": {"uv": [0, 0, 1, 1], "texture": "#1"},
				"east": {"uv": [0, 0, 1, 1], "texture": "#1"},
				"south": {"uv": [0, 0, 1, 1], "texture": "#1"},
				"west": {"uv": [0, 0, 1, 1], "texture": "#1"},
				"up": {"uv": [0, 0, 1, 1], "texture": "#1"},
				"down": {"uv": [0, 0, 1, 1], "texture": "#1"}
			}
		},
		{
			"from": [7, 1, 2],
			"to": [9, 3, 4],
			"faces": {
				"north": {"uv": [0, 0, 1, 1], "texture": "#1"},
				"east": {"uv": [0, 0, 1, 1], "texture": "#1"},
				"south": {"uv": [0, 0, 1, 1], "texture": "#1"},
				"west": {"uv": [0, 0, 1, 1], "texture": "#1"},
				"up": {"uv": [0, 0, 1, 1], "texture": "#1"},
				"down": {"uv": [0, 0, 1, 1], "texture": "#1"}
			}
		},
		{
			"from": [12, 1, 7],
			"to": [14, 3, 9],
			"faces": {
				"north": {"uv": [0, 0, 1, 1], "texture": "#1"},
				"east": {"uv": [0, 0, 1, 1], "texture": "#1"},
				"south": {"uv": [0, 0, 1, 1], "texture": "#1"},
				"west": {"uv": [0, 0, 1, 1], "texture": "#1"},
				"up": {"uv": [0, 0, 1, 1], "texture": "#1"},
				"down": {"uv": [0, 0, 1, 1], "texture": "#1"}
			}
		},
		{
			"from": [7, 3, 2],
			"to": [9, 4, 14],
			"faces": {
				"north": {"uv": [5, 0, 8.5, 1.5], "texture": "#1"},
				"east": {"uv": [5, 0, 11.5, 1.5], "texture": "#1"},
				"south": {"uv": [5, 0, 11.5, 1.5], "texture": "#1"},
				"west": {"uv": [5, 0, 11.5, 1.5], "texture": "#1"},
				"up": {"uv": [5, 0, 11.5, 1.5], "texture": "#1"},
				"down": {"uv": [5, 0, 11.5, 1.5], "texture": "#1"}
			}
		},
		{
			"from": [2, 3, 7],
			"to": [7, 4, 9],
			"faces": {
				"north": {"uv": [5, 0, 11.5, 1.5], "texture": "#1"},
				"east": {"uv": [5, 0, 11.5, 1.5], "texture": "#1"},
				"south": {"uv": [5, 0, 11.5, 1.5], "texture": "#1"},
				"west": {"uv": [5, 0, 11.5, 1.5], "texture": "#1"},
				"up": {"uv": [5, 0, 11.5, 1.5], "texture": "#1"},
				"down": {"uv": [5, 0, 11.5, 1.5], "texture": "#1"}
			}
		},
		{
			"from": [7, 4, 7],
			"to": [9, 10, 9],
			"faces": {
				"north": {"uv": [5, 0, 8.5, 3.5], "texture": "#1"},
				"east": {"uv": [5, 0, 11.5, 1.5], "texture": "#1"},
				"south": {"uv": [5, 0, 11.5, 1.5], "texture": "#1"},
				"west": {"uv": [5, 0, 11.5, 1.5], "texture": "#1"},
				"up": {"uv": [5, 0, 11.5, 1.5], "texture": "#1"},
				"down": {"uv": [5, 0, 11.5, 1.5], "texture": "#1"}
			}
		},
		{
			"from": [7, 10, 14],
			"to": [9, 16, 15],
			"faces": {
				"north": {"uv": [5, 0, 8.5, 3.5], "texture": "#1"},
				"east": {"uv": [5, 0, 11.5, 1.5], "texture": "#1"},
				"south": {"uv": [5, 0, 11.5, 1.5], "texture": "#1"},
				"west": {"uv": [5, 0, 11.5, 1.5], "texture": "#1"},
				"up": {"uv": [5, 0, 11.5, 1.5], "texture": "#1"},
				"down": {"uv": [5, 0, 11.5, 1.5], "texture": "#1"}
			}
		},
		{
			"from": [9, 3, 7],
			"to": [14, 4, 9],
			"faces": {
				"north": {"uv": [5, 0, 11.5, 1.5], "texture": "#1"},
				"east": {"uv": [5, 0, 11.5, 1.5], "texture": "#1"},
				"south": {"uv": [5, 0, 11.5, 1.5], "texture": "#1"},
				"west": {"uv": [5, 0, 11.5, 1.5], "texture": "#1"},
				"up": {"uv": [5, 0, 11.5, 1.5], "texture": "#1"},
				"down": {"uv": [5, 0, 11.5, 1.5], "texture": "#1"}
			}
		}
	],
	"display": {
		"thirdperson_righthand": {
			"scale": [0.2, 0.2, 0.2]
		},
		"thirdperson_lefthand": {
			"scale": [0.2, 0.2, 0.2]
		},
		"firstperson_righthand": {
			"scale": [0.3, 0.3, 0.3]
		},
		"firstperson_lefthand": {
			"scale": [0.3, 0.3, 0.3]
		},
		"ground": {
			"scale": [0.3, 0.3, 0.3]
		},
		"gui": {
			"rotation": [30, 148, 0],
			"translation": [0.25, -2, 0],
			"scale": [0.5, 0.5, 0.5]
		},
		"fixed": {
			"rotation": [-90, 0, 0],
			"translation": [0, 0, 18],
			"scale": [2, 2, 2]
		}
	}
}