{
    "parent": "item/generated",
    "textures": {
        "layer0": "item/tipped_arrow_head",
        "layer1": "item/tipped_arrow_base"
    },
    "overrides": [
        {
            "predicate": {
                "custom_model_data": 1
            },
            "model": "minecraft:custom/stool"
        },
        {
            "predicate": {
                "custom_model_data": 2
            },
            "model": "minecraft:custom/office_chair"
        },
        {
            "predicate": {
                "custom_model_data": 3
            },
            "model": "minecraft:custom/armchair"
        },
		{
            "predicate": {
                "custom_model_data": 4
            },
            "model": "minecraft:custom/school_chair"
        }
    ]
}