{
	"credit": "Made with Blockbench",
	"textures": {
		"0": "furnitureengine:block/coffee_table"
	},
	"elements": [
		{
			"from": [13, 0, 13],
			"to": [15, 14, 15],
			"faces": {
				"north": {"uv": [7, 1, 8, 8], "texture": "#0"},
				"east": {"uv": [6, 1, 7, 8], "texture": "#0"},
				"south": {"uv": [5, 1, 6, 8], "texture": "#0"},
				"west": {"uv": [4, 1, 5, 8], "texture": "#0"},
				"up": {"uv": [3, 4, 4, 5], "texture": "#0"},
				"down": {"uv": [3, 3, 4, 4], "texture": "#0"}
			}
		},
		{
			"from": [13, 0, 1],
			"to": [15, 14, 3],
			"faces": {
				"north": {"uv": [7, 1, 8, 8], "texture": "#0"},
				"east": {"uv": [6, 1, 7, 8], "texture": "#0"},
				"south": {"uv": [5, 1, 6, 8], "texture": "#0"},
				"west": {"uv": [4, 1, 5, 8], "texture": "#0"},
				"up": {"uv": [3, 4, 4, 5], "texture": "#0"},
				"down": {"uv": [3, 3, 4, 4], "texture": "#0"}
			}
		},
		{
			"from": [0, 14, 0],
			"to": [16, 17, 16],
			"faces": {
				"north": {"uv": [8, 6.5, 16, 8], "texture": "#0"},
				"east": {"uv": [8, 6.5, 16, 8], "texture": "#0"},
				"south": {"uv": [8, 6.5, 16, 8], "texture": "#0"},
				"west": {"uv": [4, 11.5, 12, 13], "texture": "#0"},
				"up": {"uv": [8, 8, 16, 16], "texture": "#0"},
				"down": {"uv": [8, 8, 16, 16], "texture": "#0"}
			}
		},
		{
			"from": [0, 14, 2],
			"to": [14, 17, 2],
			"faces": {
				"north": {"uv": [9, 0, 16, 1.5], "texture": "#0"},
				"east": {"uv": [0, 0, 0, 3], "texture": "#missing"},
				"south": {"uv": [9, 0, 16, 1.5], "texture": "#0"},
				"west": {"uv": [9, 0, 15.5, 5.5], "texture": "#0"},
				"up": {"uv": [0, 0, 14, 0], "texture": "#missing"},
				"down": {"uv": [0, 0, 14, 0], "texture": "#missing"}
			}
		},
		{
			"from": [0, 14, 14],
			"to": [14, 17, 14],
			"faces": {
				"north": {"uv": [9, 0, 16, 1.5], "texture": "#0"},
				"east": {"uv": [0, 0, 0, 3], "texture": "#missing"},
				"south": {"uv": [9, 0, 16, 1.5], "texture": "#0"},
				"west": {"uv": [9, 0, 15.5, 5.5], "texture": "#0"},
				"up": {"uv": [0, 0, 14, 0], "texture": "#missing"},
				"down": {"uv": [0, 0, 14, 0], "texture": "#missing"}
			}
		},
		{
			"from": [14, 14, 1],
			"to": [14, 17, 15],
			"faces": {
				"north": {"uv": [8, 2, 15, 3.5], "texture": "#0"},
				"east": {"uv": [9, 5, 16, 6.5], "texture": "#0"},
				"south": {"uv": [8, 2, 15, 3.5], "texture": "#0"},
				"west": {"uv": [8.5, 0.5, 15.5, 2], "texture": "#0"},
				"up": {"uv": [0, 0, 14, 0], "rotation": 270, "texture": "#missing"},
				"down": {"uv": [0, 0, 14, 0], "rotation": 90, "texture": "#missing"}
			}
		}
	],
	"display": {
		"thirdperson_righthand": {
			"scale": [0.2, 0.2, 0.2]
		},
		"thirdperson_lefthand": {
			"scale": [0.2, 0.2, 0.2]
		},
		"firstperson_righthand": {
			"scale": [0.3, 0.3, 0.3]
		},
		"firstperson_lefthand": {
			"scale": [0.3, 0.3, 0.3]
		},
		"ground": {
			"scale": [0.3, 0.3, 0.3]
		},
		"gui": {
			"rotation": [30, -30, 0],
			"translation": [0, -0.5, 0],
			"scale": [0.5, 0.5, 0.5]
		},
		"fixed": {
			"rotation": [-90, 0, 0],
			"translation": [0, 0, -15],
			"scale": [2, 2, 2]
		}
	}
}