{
	"credit": "Made with Blockbench",
	"ambientocclusion": false,
	"texture_size": [32, 32],
	"textures": {
		"0": "furnitureengine:block/laptop_screen",
		"1": "furnitureengine:block/laptop_base",
		"particle": "furnitureengine:block/laptop_screen"
	},
	"elements": [
		{
			"from": [2.1, 0.2, 1.6],
			"to": [14.1, 1.2, 9.6],
			"faces": {
				"north": {"uv": [6.5, 0, 12.5, 0.5], "texture": "#1", "tintindex": 0},
				"east": {"uv": [6.5, 2, 10.5, 2.5], "texture": "#1", "tintindex": 0},
				"south": {"uv": [6.5, 1, 12.5, 1.5], "texture": "#1", "tintindex": 0},
				"west": {"uv": [6.5, 3, 10.5, 3.5], "texture": "#1", "tintindex": 0},
				"up": {"uv": [6, 4, 0, 0], "texture": "#1", "tintindex": 0},
				"down": {"uv": [6, 4.5, 0, 8.5], "texture": "#1", "tintindex": 0}
			}
		},
		{
			"from": [2.1, 1.2, 9.4],
			"to": [14.1, 9.2, 10.4],
			"faces": {
				"north": {"uv": [0, 0, 6, 4], "texture": "#0", "tintindex": 0},
				"east": {"uv": [6.5, 2, 7, 6], "texture": "#0", "tintindex": 0},
				"south": {"uv": [0, 4.5, 6, 8.5], "texture": "#0", "tintindex": 0},
				"west": {"uv": [6.5, 6.5, 7, 10.5], "texture": "#0", "tintindex": 0},
				"up": {"uv": [12.5, 0.5, 6.5, 0], "texture": "#0", "tintindex": 0},
				"down": {"uv": [12.5, 1, 6.5, 1.5], "texture": "#0", "tintindex": 0}
			}
		}
	],
	"display": {
		"thirdperson_righthand": {
			"rotation": [0, 180, 0],
			"translation": [0, -0.75, -1.25],
			"scale": [0.2, 0.2, 0.2]
		},
		"thirdperson_lefthand": {
			"scale": [0.2, 0.2, 0.2]
		},
		"firstperson_righthand": {
			"scale": [0.3, 0.3, 0.3]
		},
		"firstperson_lefthand": {
			"scale": [0.3, 0.3, 0.3]
		},
		"ground": {
			"translation": [0, 2, 0],
			"scale": [0.3, 0.3, 0.3]
		},
		"gui": {
			"rotation": [30, 148, 0],
			"translation": [0.25, 0.5, 0],
			"scale": [0.5, 0.5, 0.5]
		},
		"fixed": {
			"rotation": [-90, 0, 0],
			"translation": [0, 0, -16],
			"scale": [2, 2, 2]
		}
	}
}