{
	"credit": "Made with Blockbench",
	"texture_size": [64, 64],
	"textures": {
		"1": "furnitureengine:block/pizza_texture"
	},
	"elements": [
		{
			"from": [-0.2, 0, 0],
			"to": [16, 2.7, 16],
			"faces": {
				"north": {"uv": [4.25, 0, 8.25, 0.75], "texture": "#1"},
				"east": {"uv": [4.25, 1, 8.25, 1.75], "texture": "#1"},
				"south": {"uv": [4.25, 2, 8.25, 2.75], "texture": "#1"},
				"west": {"uv": [4.25, 3, 8.25, 3.75], "texture": "#1"},
				"up": {"uv": [4, 4, 0, 0], "texture": "#1"},
				"down": {"uv": [4, 4.25, 0, 8.25], "texture": "#1"}
			}
		}
	],
	"display": {
		"thirdperson_righthand": {
			"translation": [0, 0, -0.75],
			"scale": [0.2, 0.2, 0.2]
		},
		"thirdperson_lefthand": {
			"scale": [0.2, 0.2, 0.2]
		},
		"firstperson_righthand": {
			"scale": [0.3, 0.3, 0.3]
		},
		"firstperson_lefthand": {
			"scale": [0.3, 0.3, 0.3]
		},
		"ground": {
			"translation": [0, 2, 0],
			"scale": [0.3, 0.3, 0.3]
		},
		"gui": {
			"rotation": [30, 148, 0],
			"translation": [0.25, -2, 0],
			"scale": [0.5, 0.5, 0.5]
		},
		"fixed": {
			"rotation": [-90, 0, 0],
			"translation": [0, 0, -16],
			"scale": [2, 2, 2]
		}
	}
}