{
	"credit": "Made with Blockbench",
	"texture_size": [64, 64],
	"textures": {
		"0": "furnitureengine:block/power_grid",
		"particle": "furnitureengine:block/power_grid"
	},
	"elements": [
		{
			"from": [12.1, 0, 3],
			"to": [13.3, 16.1, 12.9],
			"faces": {
				"north": {"uv": [7, 7, 7.25, 10.25], "texture": "#0"},
				"east": {"uv": [0, 0, 0.75, 3.25], "texture": "#0"},
				"south": {"uv": [7.5, 7, 7.75, 10.25], "texture": "#0"},
				"west": {"uv": [1, 0, 1.75, 3.25], "texture": "#0"},
				"up": {"uv": [3.75, 10.25, 3.5, 9.5], "texture": "#0"},
				"down": {"uv": [9.75, 7, 9.5, 7.75], "texture": "#0"}
			}
		},
		{
			"from": [-11.5, 0, 3],
			"to": [-10.1, 16.1, 12.9],
			"faces": {
				"north": {"uv": [8, 7, 8.25, 10.25], "texture": "#0"},
				"east": {"uv": [2, 0, 2.75, 3.25], "texture": "#0"},
				"south": {"uv": [8.5, 7, 8.75, 10.25], "texture": "#0"},
				"west": {"uv": [3, 0, 3.75, 3.25], "texture": "#0"},
				"up": {"uv": [9.75, 8.75, 9.5, 8], "texture": "#0"},
				"down": {"uv": [9.75, 9, 9.5, 9.75], "texture": "#0"}
			}
		},
		{
			"from": [-9.4, 0.9, 3.7],
			"to": [-8.1, 14.8, 12.1],
			"faces": {
				"north": {"uv": [4.5, 9, 4.75, 11.75], "texture": "#0"},
				"east": {"uv": [4, 0, 4.75, 2.75], "texture": "#0"},
				"south": {"uv": [5, 9, 5.25, 11.75], "texture": "#0"},
				"west": {"uv": [4, 3, 4.75, 5.75], "texture": "#0"},
				"up": {"uv": [10.25, 8.75, 10, 8], "texture": "#0"},
				"down": {"uv": [9.25, 10, 9, 10.75], "texture": "#0"}
			}
		},
		{
			"from": [-7.1, 0.9, 3.7],
			"to": [-5.8, 14.8, 12.1],
			"faces": {
				"north": {"uv": [4.5, 9, 4.75, 11.75], "texture": "#0"},
				"east": {"uv": [4, 0, 4.75, 2.75], "texture": "#0"},
				"south": {"uv": [5, 9, 5.25, 11.75], "texture": "#0"},
				"west": {"uv": [4, 3, 4.75, 5.75], "texture": "#0"},
				"up": {"uv": [10.25, 8.75, 10, 8], "texture": "#0"},
				"down": {"uv": [9.25, 10, 9, 10.75], "texture": "#0"}
			}
		},
		{
			"from": [-0.7, 0.9, 3.7],
			"to": [0.6, 14.8, 12.1],
			"faces": {
				"north": {"uv": [4.5, 9, 4.75, 11.75], "texture": "#0"},
				"east": {"uv": [4, 0, 4.75, 2.75], "texture": "#0"},
				"south": {"uv": [5, 9, 5.25, 11.75], "texture": "#0"},
				"west": {"uv": [4, 3, 4.75, 5.75], "texture": "#0"},
				"up": {"uv": [10.25, 8.75, 10, 8], "texture": "#0"},
				"down": {"uv": [9.25, 10, 9, 10.75], "texture": "#0"}
			}
		},
		{
			"from": [-2.9, 0.9, 3.7],
			"to": [-1.6, 14.8, 12.1],
			"faces": {
				"north": {"uv": [4.5, 9, 4.75, 11.75], "texture": "#0"},
				"east": {"uv": [4, 0, 4.75, 2.75], "texture": "#0"},
				"south": {"uv": [5, 9, 5.25, 11.75], "texture": "#0"},
				"west": {"uv": [4, 3, 4.75, 5.75], "texture": "#0"},
				"up": {"uv": [10.25, 8.75, 10, 8], "texture": "#0"},
				"down": {"uv": [9.25, 10, 9, 10.75], "texture": "#0"}
			}
		},
		{
			"from": [-5, 0.9, 3.7],
			"to": [-3.7, 14.8, 12.1],
			"faces": {
				"north": {"uv": [4.5, 9, 4.75, 11.75], "texture": "#0"},
				"east": {"uv": [4, 0, 4.75, 2.75], "texture": "#0"},
				"south": {"uv": [5, 9, 5.25, 11.75], "texture": "#0"},
				"west": {"uv": [4, 3, 4.75, 5.75], "texture": "#0"},
				"up": {"uv": [10.25, 8.75, 10, 8], "texture": "#0"},
				"down": {"uv": [9.25, 10, 9, 10.75], "texture": "#0"}
			}
		},
		{
			"from": [5.8, 0.9, 3.7],
			"to": [7.1, 14.8, 12.1],
			"faces": {
				"north": {"uv": [4.5, 9, 4.75, 11.75], "texture": "#0"},
				"east": {"uv": [4, 0, 4.75, 2.75], "texture": "#0"},
				"south": {"uv": [5, 9, 5.25, 11.75], "texture": "#0"},
				"west": {"uv": [4, 3, 4.75, 5.75], "texture": "#0"},
				"up": {"uv": [10.25, 8.75, 10, 8], "texture": "#0"},
				"down": {"uv": [9.25, 10, 9, 10.75], "texture": "#0"}
			}
		},
		{
			"from": [10, 0.9, 3.7],
			"to": [11.3, 14.8, 12.1],
			"faces": {
				"north": {"uv": [4.5, 9, 4.75, 11.75], "texture": "#0"},
				"east": {"uv": [4, 0, 4.75, 2.75], "texture": "#0"},
				"south": {"uv": [5, 9, 5.25, 11.75], "texture": "#0"},
				"west": {"uv": [4, 3, 4.75, 5.75], "texture": "#0"},
				"up": {"uv": [10.25, 8.75, 10, 8], "texture": "#0"},
				"down": {"uv": [9.25, 10, 9, 10.75], "texture": "#0"}
			}
		},
		{
			"from": [7.9, 0.9, 3.7],
			"to": [9.2, 14.8, 12.1],
			"faces": {
				"north": {"uv": [4.5, 9, 4.75, 11.75], "texture": "#0"},
				"east": {"uv": [4, 0, 4.75, 2.75], "texture": "#0"},
				"south": {"uv": [5, 9, 5.25, 11.75], "texture": "#0"},
				"west": {"uv": [4, 3, 4.75, 5.75], "texture": "#0"},
				"up": {"uv": [10.25, 8.75, 10, 8], "texture": "#0"},
				"down": {"uv": [9.25, 10, 9, 10.75], "texture": "#0"}
			}
		},
		{
			"from": [3.6, 0.9, 3.7],
			"to": [4.9, 14.8, 12.1],
			"faces": {
				"north": {"uv": [4.5, 9, 4.75, 11.75], "texture": "#0"},
				"east": {"uv": [4, 0, 4.75, 2.75], "texture": "#0"},
				"south": {"uv": [5, 9, 5.25, 11.75], "texture": "#0"},
				"west": {"uv": [4, 3, 4.75, 5.75], "texture": "#0"},
				"up": {"uv": [10.25, 8.75, 10, 8], "texture": "#0"},
				"down": {"uv": [9.25, 10, 9, 10.75], "texture": "#0"}
			}
		},
		{
			"from": [1.5, 0.9, 3.7],
			"to": [2.8, 14.8, 12.1],
			"faces": {
				"north": {"uv": [4.5, 9, 4.75, 11.75], "texture": "#0"},
				"east": {"uv": [4, 0, 4.75, 2.75], "texture": "#0"},
				"south": {"uv": [5, 9, 5.25, 11.75], "texture": "#0"},
				"west": {"uv": [4, 3, 4.75, 5.75], "texture": "#0"},
				"up": {"uv": [10.25, 8.75, 10, 8], "texture": "#0"},
				"down": {"uv": [9.25, 10, 9, 10.75], "texture": "#0"}
			}
		},
		{
			"from": [-13.1, 10.4, 7.1],
			"to": [14.2, 12, 8.7],
			"faces": {
				"north": {"uv": [7, 3, 12, 3.25], "texture": "#0"},
				"east": {"uv": [11, 10.25, 11.25, 10.5], "texture": "#0"},
				"south": {"uv": [7, 3.5, 12, 3.75], "texture": "#0"},
				"west": {"uv": [11, 10.75, 11.25, 11], "texture": "#0"},
				"up": {"uv": [12, 4.25, 7, 4], "texture": "#0"},
				"down": {"uv": [12, 4.5, 7, 4.75], "texture": "#0"}
			}
		},
		{
			"from": [-12.5, 1.8, 7.1],
			"to": [13.9, 2.7, 8.7],
			"faces": {
				"north": {"uv": [7, 3, 12, 3.25], "texture": "#0"},
				"east": {"uv": [11, 10.25, 11.25, 10.5], "texture": "#0"},
				"south": {"uv": [7, 3.5, 12, 3.75], "texture": "#0"},
				"west": {"uv": [11, 10.75, 11.25, 11], "texture": "#0"},
				"up": {"uv": [12, 4.25, 7, 4], "texture": "#0"},
				"down": {"uv": [12, 4.5, 7, 4.75], "texture": "#0"}
			}
		},
		{
			"from": [14.1, 1.7, 6.6],
			"to": [15.7, 2.7, 9],
			"faces": {
				"north": {"uv": [11, 11.25, 11.25, 11.5], "texture": "#0"},
				"east": {"uv": [11.5, 2, 11.75, 2.25], "texture": "#0"},
				"south": {"uv": [11.5, 2.5, 11.75, 2.75], "texture": "#0"},
				"west": {"uv": [3.5, 11.5, 3.75, 11.75], "texture": "#0"},
				"up": {"uv": [7.25, 11.75, 7, 11.5], "texture": "#0"},
				"down": {"uv": [11.75, 7, 11.5, 7.25], "texture": "#0"}
			}
		},
		{
			"from": [14.8, 2.7, 7.7],
			"to": [15.1, 3.1, 8.2],
			"faces": {
				"north": {"uv": [7.5, 11.5, 7.75, 11.75], "texture": "#0"},
				"east": {"uv": [11.5, 7.5, 11.75, 7.75], "texture": "#0"},
				"south": {"uv": [8, 11.5, 8.25, 11.75], "texture": "#0"},
				"west": {"uv": [11.5, 8, 11.75, 8.25], "texture": "#0"},
				"up": {"uv": [11.75, 8.75, 11.5, 8.5], "texture": "#0"},
				"down": {"uv": [9.25, 11.5, 9, 11.75], "texture": "#0"}
			}
		},
		{
			"from": [14.6, 3.1, 7.5],
			"to": [15.3, 3.3, 8.4],
			"faces": {
				"north": {"uv": [9.5, 11.5, 9.75, 11.75], "texture": "#0"},
				"east": {"uv": [10, 11.5, 10.25, 11.75], "texture": "#0"},
				"south": {"uv": [11.5, 10.25, 11.75, 10.5], "texture": "#0"},
				"west": {"uv": [11.5, 10.75, 11.75, 11], "texture": "#0"},
				"up": {"uv": [11.75, 11.5, 11.5, 11.25], "texture": "#0"},
				"down": {"uv": [12, 0, 11.75, 0.25], "texture": "#0"}
			}
		},
		{
			"from": [14.1, 0.1, 6.6],
			"to": [15.7, 1.7, 9],
			"faces": {
				"north": {"uv": [8.5, 10.5, 8.75, 11], "texture": "#0"},
				"east": {"uv": [10.5, 9, 10.75, 9.5], "texture": "#0"},
				"south": {"uv": [10.5, 9.75, 10.75, 10.25], "texture": "#0"},
				"west": {"uv": [10.5, 10.5, 10.75, 11], "texture": "#0"},
				"up": {"uv": [12, 0.75, 11.75, 0.5], "texture": "#0"},
				"down": {"uv": [12, 1, 11.75, 1.25], "texture": "#0"}
			}
		},
		{
			"from": [14, 0, 6.5],
			"to": [15.8, 0.1, 9.1],
			"faces": {
				"north": {"uv": [11, 0, 11.5, 0.25], "texture": "#0"},
				"east": {"uv": [11.75, 1.5, 12, 1.75], "texture": "#0"},
				"south": {"uv": [11, 0.5, 11.5, 0.75], "texture": "#0"},
				"west": {"uv": [8.5, 11.75, 8.75, 12], "texture": "#0"},
				"up": {"uv": [11.5, 1.25, 11, 1], "texture": "#0"},
				"down": {"uv": [11.5, 1.5, 11, 1.75], "texture": "#0"}
			}
		},
		{
			"from": [13.9, 1.6, 6.5],
			"to": [14.1, 2.8, 9.1],
			"faces": {
				"north": {"uv": [11.75, 9, 12, 9.25], "texture": "#0"},
				"east": {"uv": [11.75, 9.5, 12, 9.75], "texture": "#0"},
				"south": {"uv": [10.5, 11.75, 10.75, 12], "texture": "#0"},
				"west": {"uv": [11, 11.75, 11.25, 12], "texture": "#0"},
				"up": {"uv": [11.75, 12, 11.5, 11.75], "texture": "#0"},
				"down": {"uv": [12.25, 2, 12, 2.25], "texture": "#0"}
			}
		},
		{
			"from": [-14.3, 0.1, 6.7],
			"to": [-12.7, 1.7, 9.1],
			"faces": {
				"north": {"uv": [10.5, 9.75, 10.75, 10.25], "texture": "#0"},
				"east": {"uv": [10.5, 10.5, 10.75, 11], "texture": "#0"},
				"south": {"uv": [8.5, 10.5, 8.75, 11], "texture": "#0"},
				"west": {"uv": [10.5, 9, 10.75, 9.5], "texture": "#0"},
				"up": {"uv": [12, 0.75, 11.75, 0.5], "rotation": 180, "texture": "#0"},
				"down": {"uv": [12, 1, 11.75, 1.25], "rotation": 180, "texture": "#0"}
			}
		},
		{
			"from": [-14.3, 1.7, 6.7],
			"to": [-12.7, 2.7, 9.1],
			"faces": {
				"north": {"uv": [11.5, 2.5, 11.75, 2.75], "texture": "#0"},
				"east": {"uv": [3.5, 11.5, 3.75, 11.75], "texture": "#0"},
				"south": {"uv": [11, 11.25, 11.25, 11.5], "texture": "#0"},
				"west": {"uv": [11.5, 2, 11.75, 2.25], "texture": "#0"},
				"up": {"uv": [7.25, 11.75, 7, 11.5], "rotation": 180, "texture": "#0"},
				"down": {"uv": [11.75, 7, 11.5, 7.25], "rotation": 180, "texture": "#0"}
			}
		},
		{
			"from": [-12.7, 1.6, 6.6],
			"to": [-12.5, 2.8, 9.2],
			"faces": {
				"north": {"uv": [10.5, 11.75, 10.75, 12], "texture": "#0"},
				"east": {"uv": [11, 11.75, 11.25, 12], "texture": "#0"},
				"south": {"uv": [11.75, 9, 12, 9.25], "texture": "#0"},
				"west": {"uv": [11.75, 9.5, 12, 9.75], "texture": "#0"},
				"up": {"uv": [11.75, 12, 11.5, 11.75], "rotation": 180, "texture": "#0"},
				"down": {"uv": [12.25, 2, 12, 2.25], "rotation": 180, "texture": "#0"}
			}
		},
		{
			"from": [-14.4, 0, 6.6],
			"to": [-12.6, 0.1, 9.2],
			"faces": {
				"north": {"uv": [11, 0.5, 11.5, 0.75], "texture": "#0"},
				"east": {"uv": [8.5, 11.75, 8.75, 12], "texture": "#0"},
				"south": {"uv": [11, 0, 11.5, 0.25], "texture": "#0"},
				"west": {"uv": [11.75, 1.5, 12, 1.75], "texture": "#0"},
				"up": {"uv": [11.5, 1.25, 11, 1], "rotation": 180, "texture": "#0"},
				"down": {"uv": [11.5, 1.5, 11, 1.75], "rotation": 180, "texture": "#0"}
			}
		}
	],
	"display": {
		"thirdperson_righthand": {
			"rotation": [92.75, 0, 0],
			"translation": [2.25, -1.5, -1.75],
			"scale": [0.29766, 0.26054, 0.2]
		},
		"thirdperson_lefthand": {
			"scale": [0.2, 0.2, 0.2]
		},
		"firstperson_righthand": {
			"scale": [0.3, 0.3, 0.3]
		},
		"firstperson_lefthand": {
			"scale": [0.3, 0.3, 0.3]
		},
		"ground": {
			"translation": [0, 2, 0],
			"scale": [0.3, 0.3, 0.3]
		},
		"gui": {
			"rotation": [30, 148, 0],
			"translation": [0.25, -2, 0],
			"scale": [0.5, 0.5, 0.5]
		},
		"fixed": {
			"rotation": [-90, 0, 0],
			"translation": [0, 0, -16],
			"scale": [2, 2, 2]
		}
	}
}