{
	"credit": "Made with Blockbench",
	"textures": {
		"0": "furnitureengine:block/stool",
		"1": "furnitureengine:block/coffee_table",
		"particle": "furnitureengine:block/stool"
	},
	"elements": [
		{
			"from": [12.7, 0, 1.2],
			"to": [13.8, 14.8, 2.2],
			"faces": {
				"north": {"uv": [7, 1, 8, 8], "texture": "#1"},
				"east": {"uv": [6, 1, 7, 8], "texture": "#1"},
				"south": {"uv": [5, 1, 6, 8], "texture": "#1"},
				"west": {"uv": [4, 1, 5, 8], "texture": "#1"},
				"up": {"uv": [3, 4, 4, 5], "texture": "#0"},
				"down": {"uv": [3, 3, 4, 4], "texture": "#0"}
			}
		},
		{
			"from": [2.3, 0, 1.2],
			"to": [3.4, 14.8, 2.2],
			"faces": {
				"north": {"uv": [7, 1, 8, 8], "texture": "#1"},
				"east": {"uv": [6, 1, 7, 8], "texture": "#1"},
				"south": {"uv": [5, 1, 6, 8], "texture": "#1"},
				"west": {"uv": [4, 1, 5, 8], "texture": "#1"},
				"up": {"uv": [3, 4, 4, 5], "texture": "#0"},
				"down": {"uv": [3, 3, 4, 4], "texture": "#1"}
			}
		},
		{
			"from": [1.1, 14.7, -0.6],
			"to": [15, 16, 16.3],
			"faces": {
				"north": {"uv": [4, 3, 7, 3.75], "texture": "#0", "tintindex": 0},
				"east": {"uv": [4.5, 3, 7.5, 3.75], "texture": "#0", "tintindex": 0},
				"south": {"uv": [4.75, 3, 7.75, 3.75], "texture": "#0", "tintindex": 0},
				"west": {"uv": [5, 3, 8, 3.75], "texture": "#0", "tintindex": 0},
				"up": {"uv": [0.5, 0.5, 3.5, 3.5], "texture": "#0", "tintindex": 0},
				"down": {"uv": [0.5, 4.5, 3.5, 7.5], "texture": "#0", "tintindex": 0}
			}
		},
		{
			"from": [2.3, 0, 13.9],
			"to": [3.4, 14.8, 14.9],
			"faces": {
				"north": {"uv": [7, 1, 8, 8], "texture": "#1"},
				"east": {"uv": [6, 1, 7, 8], "texture": "#1"},
				"south": {"uv": [5, 1, 6, 8], "texture": "#1"},
				"west": {"uv": [4, 1, 5, 8], "texture": "#1"},
				"up": {"uv": [3, 4, 4, 5], "texture": "#0"},
				"down": {"uv": [3, 3, 4, 4], "texture": "#1"}
			}
		},
		{
			"from": [12.7, 0, 13.9],
			"to": [13.8, 14.8, 14.9],
			"faces": {
				"north": {"uv": [7, 1, 8, 8], "texture": "#1"},
				"east": {"uv": [6, 1, 7, 8], "texture": "#1"},
				"south": {"uv": [5, 1, 6, 8], "texture": "#1"},
				"west": {"uv": [4, 1, 5, 8], "texture": "#1"},
				"up": {"uv": [3, 4, 4, 5], "texture": "#0"},
				"down": {"uv": [3, 3, 4, 4], "texture": "#0"}
			}
		}
	],
	"display": {
		"thirdperson_righthand": {
			"rotation": [-90.33, 89.05, 179.47],
			"translation": [0, -2, -1],
			"scale": [0.2, 0.2, 0.2]
		},
		"thirdperson_lefthand": {
			"scale": [0.2, 0.2, 0.2]
		},
		"firstperson_righthand": {
			"scale": [0.3, 0.3, 0.3]
		},
		"firstperson_lefthand": {
			"scale": [0.3, 0.3, 0.3]
		},
		"ground": {
			"translation": [2, 2, 0],
			"scale": [0.3, 0.3, 0.3]
		},
		"gui": {
			"rotation": [30, -30, 0],
			"translation": [2.75, -1.25, 0],
			"scale": [0.4, 0.4, 0.4]
		},
		"fixed": {
			"rotation": [-90, 0, 0],
			"translation": [0, 0, -15],
			"scale": [2, 2, 2]
		}
	}
}