{
	"credit": "Made with Blockbench",
	"textures": {
		"0": "furnitureengine:block/wood/spruce",
		"particle": "furnitureengine:block/wood/spruce"
	},
	"elements": [
		{
			"from": [-0.2, 0, 0.4],
			"to": [16, 0.4, 15.6],
			"faces": {
				"north": {"uv": [0.5, 0.5, 3.5, 3.5], "rotation": 90, "texture": "#missing"},
				"east": {"uv": [10.75, 1.25, 13.25, 5.75], "rotation": 90, "texture": "#0"},
				"south": {"uv": [0.75, 0.75, 3, 3.25], "rotation": 90, "texture": "#missing"},
				"west": {"uv": [11, 1.5, 13.5, 5.5], "rotation": 270, "texture": "#0"},
				"up": {"uv": [11, 1.5, 13.5, 5.5], "texture": "#0"},
				"down": {"uv": [11, 1.5, 13.25, 5.5], "rotation": 180, "texture": "#0"}
			}
		},
		{
			"from": [-0.2, 15.7, 0.4],
			"to": [16, 16.1, 15.6],
			"rotation": {"angle": 0, "axis": "y", "origin": [0, 15.7, 0]},
			"faces": {
				"north": {"uv": [0.5, 0.5, 3.5, 3.5], "rotation": 90, "texture": "#missing"},
				"east": {"uv": [10.75, 1.25, 13.25, 5.75], "rotation": 90, "texture": "#0"},
				"south": {"uv": [0.75, 0.75, 3, 3.25], "rotation": 90, "texture": "#missing"},
				"west": {"uv": [11, 1.5, 13.5, 5.5], "rotation": 270, "texture": "#0"},
				"up": {"uv": [11, 1.5, 13.5, 5.5], "texture": "#0"},
				"down": {"uv": [11, 1.5, 13.25, 5.5], "rotation": 180, "texture": "#0"}
			}
		},
		{
			"from": [-0.2, 11.5, 0.4],
			"to": [16, 12, 15.6],
			"rotation": {"angle": 0, "axis": "y", "origin": [0, 11.5, 0]},
			"faces": {
				"north": {"uv": [0.5, 0.5, 3.5, 3.5], "rotation": 90, "texture": "#missing"},
				"east": {"uv": [10.75, 1.25, 13.25, 5.75], "rotation": 90, "texture": "#0"},
				"south": {"uv": [0.75, 0.75, 3, 3.25], "rotation": 90, "texture": "#missing"},
				"west": {"uv": [11, 1.5, 13.5, 5.5], "rotation": 270, "texture": "#0"},
				"up": {"uv": [11, 1.5, 13.5, 5.5], "texture": "#0"},
				"down": {"uv": [11, 1.5, 13.25, 5.5], "rotation": 180, "texture": "#0"}
			}
		},
		{
			"from": [-0.2, 7.3, 0.4],
			"to": [16, 7.8, 15.6],
			"rotation": {"angle": 0, "axis": "y", "origin": [0, 7.3, 0]},
			"faces": {
				"north": {"uv": [0.5, 0.5, 3.5, 3.5], "rotation": 90, "texture": "#missing"},
				"east": {"uv": [10.75, 1.25, 13.25, 5.75], "rotation": 90, "texture": "#0"},
				"south": {"uv": [0.75, 0.75, 3, 3.25], "rotation": 90, "texture": "#missing"},
				"west": {"uv": [11, 1.5, 13.5, 5.5], "rotation": 270, "texture": "#0"},
				"up": {"uv": [11, 1.5, 13.5, 5.5], "texture": "#0"},
				"down": {"uv": [11, 1.5, 13.25, 5.5], "rotation": 180, "texture": "#0"}
			}
		},
		{
			"from": [-0.2, 3.3, 0.4],
			"to": [16, 3.8, 15.6],
			"rotation": {"angle": 0, "axis": "y", "origin": [0, 3.3, 0]},
			"faces": {
				"north": {"uv": [0.5, 0.5, 3.5, 3.5], "rotation": 90, "texture": "#missing"},
				"east": {"uv": [10.75, 1.25, 13.25, 5.75], "rotation": 90, "texture": "#0"},
				"south": {"uv": [0.75, 0.75, 3, 3.25], "rotation": 90, "texture": "#missing"},
				"west": {"uv": [11, 1.5, 13.5, 5.5], "rotation": 270, "texture": "#0"},
				"up": {"uv": [11, 1.5, 13.5, 5.5], "texture": "#0"},
				"down": {"uv": [11, 1.5, 13.25, 5.5], "rotation": 180, "texture": "#0"}
			}
		},
		{
			"from": [-0.2, 0, 15.6],
			"to": [16, 16.1, 16],
			"rotation": {"angle": 0, "axis": "x", "origin": [0, 0.1, 16]},
			"faces": {
				"north": {"uv": [10.5, 4.75, 12.5, 6.75], "rotation": 180, "texture": "#0"},
				"east": {"uv": [11.75, 0.75, 12.75, 4.25], "rotation": 180, "texture": "#0"},
				"south": {"uv": [10.5, 4.5, 12.75, 7], "rotation": 180, "texture": "#0"},
				"west": {"uv": [12, 1, 12.5, 4], "rotation": 180, "texture": "#0"},
				"up": {"uv": [11.75, 1.25, 13, 4.75], "rotation": 90, "texture": "#0"},
				"down": {"uv": [12, 1, 13, 4], "rotation": 270, "texture": "#0"}
			}
		},
		{
			"from": [-0.2, 0, 0],
			"to": [16, 16.1, 0.4],
			"rotation": {"angle": 0, "axis": "x", "origin": [0, 0.1, 0.4]},
			"faces": {
				"north": {"uv": [10.5, 4.75, 12.5, 6.75], "rotation": 180, "texture": "#0"},
				"east": {"uv": [11.75, 0.75, 12.75, 4.25], "rotation": 180, "texture": "#0"},
				"south": {"uv": [10.5, 4.5, 12.75, 7], "rotation": 180, "texture": "#0"},
				"west": {"uv": [12, 1, 12.5, 4], "rotation": 180, "texture": "#0"},
				"up": {"uv": [11.75, 1.25, 13, 4.75], "rotation": 90, "texture": "#0"},
				"down": {"uv": [12, 1, 13, 4], "rotation": 270, "texture": "#0"}
			}
		}
	],
	"display": {
		"thirdperson_righthand": {
			"translation": [0, -2, -1.75],
			"scale": [0.2, 0.2, 0.2]
		},
		"thirdperson_lefthand": {
			"scale": [0.2, 0.2, 0.2]
		},
		"firstperson_righthand": {
			"scale": [0.3, 0.3, 0.3]
		},
		"firstperson_lefthand": {
			"scale": [0.3, 0.3, 0.3]
		},
		"ground": {
			"translation": [0, 2, 0],
			"scale": [0.3, 0.3, 0.3]
		},
		"gui": {
			"rotation": [30, 148, 0],
			"translation": [0.25, -2, 0],
			"scale": [0.5, 0.5, 0.5]
		},
		"fixed": {
			"rotation": [-90, 0, 0],
			"translation": [0, 0, -16],
			"scale": [2, 2, 2]
		}
	}
}