{
	"credit": "Made with Blockbench",
	"texture_size": [32, 32],
	"textures": {
		"0": "furnitureengine:block/wood/acacia",
		"1": "furnitureengine:block/wood/trash_bin",
		"particle": "furnitureengine:block/wood/acacia"
	},
	"elements": [
		{
			"from": [3.1, 0, 2.9],
			"to": [13.1, 11.6, 3.3],
			"rotation": {"angle": 0, "axis": "x", "origin": [0, 0.1, 0.4]},
			"faces": {
				"north": {"uv": [0, 0, 5, 6], "texture": "#1"},
				"east": {"uv": [0, 6.5, 0.5, 12.5], "texture": "#1"},
				"south": {"uv": [0, 0, 5, 6], "texture": "#1"},
				"west": {"uv": [1, 6.5, 1.5, 12.5], "texture": "#1"},
				"up": {"uv": [5, 1.5, 0, 1], "texture": "#1"},
				"down": {"uv": [5, 3, 0, 3.5], "texture": "#1"}
			}
		},
		{
			"from": [11.7, 0, 2.5],
			"to": [13.1, 11.8, 2.9],
			"rotation": {"angle": 0, "axis": "x", "origin": [0, 0.1, 0.4]},
			"faces": {
				"north": {"uv": [4, 0, 6, 2], "rotation": 180, "texture": "#0"},
				"east": {"uv": [4.25, 0, 5.25, 3.5], "rotation": 180, "texture": "#0"},
				"south": {"uv": [3, 0, 5.25, 2.5], "rotation": 180, "texture": "#0"},
				"west": {"uv": [4.5, 0, 5, 3], "rotation": 180, "texture": "#0"},
				"up": {"uv": [4.25, 0, 5.5, 3.5], "rotation": 90, "texture": "#0"},
				"down": {"uv": [4.5, 0.5, 5.5, 3.5], "rotation": 270, "texture": "#0"}
			}
		},
		{
			"from": [3.1, 0, 2.5],
			"to": [4.5, 11.8, 2.9],
			"rotation": {"angle": 0, "axis": "x", "origin": [0, 0.1, 0.4]},
			"faces": {
				"north": {"uv": [4, 0, 6, 2], "rotation": 180, "texture": "#0"},
				"east": {"uv": [4.25, 0, 5.25, 3.5], "rotation": 180, "texture": "#0"},
				"south": {"uv": [4, 0, 6.25, 2.5], "rotation": 180, "texture": "#0"},
				"west": {"uv": [4.5, 0, 5, 3], "rotation": 180, "texture": "#0"},
				"up": {"uv": [4.25, 0, 5.5, 3.5], "rotation": 90, "texture": "#0"},
				"down": {"uv": [4.5, 0.5, 5.5, 3.5], "rotation": 270, "texture": "#0"}
			}
		},
		{
			"from": [2.7, 0, 2.9],
			"to": [3.1, 11.8, 4.3],
			"rotation": {"angle": 0, "axis": "y", "origin": [0, 0.1, 0.4]},
			"faces": {
				"north": {"uv": [4.25, 0, 5.25, 3.5], "rotation": 180, "texture": "#0"},
				"east": {"uv": [3.5, 0, 5.75, 2.5], "rotation": 180, "texture": "#0"},
				"south": {"uv": [4.5, 0, 5, 3], "rotation": 180, "texture": "#0"},
				"west": {"uv": [4, 0, 6, 2], "rotation": 180, "texture": "#0"},
				"up": {"uv": [4.25, 0, 5.5, 3.5], "texture": "#0"},
				"down": {"uv": [4.5, 0.5, 5.5, 3.5], "texture": "#0"}
			}
		},
		{
			"from": [2.7, 0, 11.4],
			"to": [3.1, 11.8, 12.8],
			"rotation": {"angle": 0, "axis": "y", "origin": [0, 0.1, 0.4]},
			"faces": {
				"north": {"uv": [4.25, 0, 5.25, 3.5], "rotation": 180, "texture": "#0"},
				"east": {"uv": [3.5, 0, 5.75, 2.5], "rotation": 180, "texture": "#0"},
				"south": {"uv": [4.5, 0, 5, 3], "rotation": 180, "texture": "#0"},
				"west": {"uv": [4, 0, 6, 2], "rotation": 180, "texture": "#0"},
				"up": {"uv": [4.25, 0, 5.5, 3.5], "texture": "#0"},
				"down": {"uv": [4.5, 0.5, 5.5, 3.5], "texture": "#0"}
			}
		},
		{
			"from": [2.7, 0, 8.5],
			"to": [3.1, 11.8, 9.9],
			"rotation": {"angle": 0, "axis": "y", "origin": [0, 0.1, 0.4]},
			"faces": {
				"north": {"uv": [4.25, 0, 5.25, 3.5], "rotation": 180, "texture": "#0"},
				"east": {"uv": [4, 0, 6.25, 2.5], "rotation": 180, "texture": "#0"},
				"south": {"uv": [4.5, 0, 5, 3], "rotation": 180, "texture": "#0"},
				"west": {"uv": [4, 0, 6, 2], "rotation": 180, "texture": "#0"},
				"up": {"uv": [4.25, 0, 5.5, 3.5], "texture": "#0"},
				"down": {"uv": [4.5, 0.5, 5.5, 3.5], "texture": "#0"}
			}
		},
		{
			"from": [2.7, 0, 5.7],
			"to": [3.1, 11.8, 7.1],
			"rotation": {"angle": 0, "axis": "y", "origin": [0, 0.1, 0.4]},
			"faces": {
				"north": {"uv": [4.25, 0, 5.25, 3.5], "rotation": 180, "texture": "#0"},
				"east": {"uv": [4, 0, 6.25, 2.5], "rotation": 180, "texture": "#0"},
				"south": {"uv": [4.5, 0, 5, 3], "rotation": 180, "texture": "#0"},
				"west": {"uv": [4, 0, 6, 2], "rotation": 180, "texture": "#0"},
				"up": {"uv": [4.25, 0, 5.5, 3.5], "texture": "#0"},
				"down": {"uv": [4.5, 0.5, 5.5, 3.5], "texture": "#0"}
			}
		},
		{
			"from": [13.1, 0, 8.6],
			"to": [13.5, 11.8, 10],
			"rotation": {"angle": 0, "axis": "y", "origin": [0, 0.1, 0.4]},
			"faces": {
				"north": {"uv": [4.5, 0, 5, 3], "rotation": 180, "texture": "#0"},
				"east": {"uv": [4, 0, 6, 2], "rotation": 180, "texture": "#0"},
				"south": {"uv": [4.25, 0, 5.25, 3.5], "rotation": 180, "texture": "#0"},
				"west": {"uv": [3.5, 0, 5.75, 2.5], "rotation": 180, "texture": "#0"},
				"up": {"uv": [4.25, 0, 5.5, 3.5], "rotation": 180, "texture": "#0"},
				"down": {"uv": [4.5, 0.5, 5.5, 3.5], "rotation": 180, "texture": "#0"}
			}
		},
		{
			"from": [13.1, 0, 2.9],
			"to": [13.5, 11.8, 4.3],
			"rotation": {"angle": 0, "axis": "y", "origin": [0, 0.1, 0.4]},
			"faces": {
				"north": {"uv": [4.5, 0, 5, 3], "rotation": 180, "texture": "#0"},
				"east": {"uv": [4, 0, 6, 2], "rotation": 180, "texture": "#0"},
				"south": {"uv": [4.25, 0, 5.25, 3.5], "rotation": 180, "texture": "#0"},
				"west": {"uv": [4, 0, 6.25, 2.5], "rotation": 180, "texture": "#0"},
				"up": {"uv": [4.25, 0, 5.5, 3.5], "rotation": 180, "texture": "#0"},
				"down": {"uv": [4.5, 0.5, 5.5, 3.5], "rotation": 180, "texture": "#0"}
			}
		},
		{
			"from": [13.1, 0, 5.8],
			"to": [13.5, 11.8, 7.2],
			"rotation": {"angle": 0, "axis": "y", "origin": [0, 0.1, 0.4]},
			"faces": {
				"north": {"uv": [4.5, 0, 5, 3], "rotation": 180, "texture": "#0"},
				"east": {"uv": [4, 0, 6, 2], "rotation": 180, "texture": "#0"},
				"south": {"uv": [4.25, 0, 5.25, 3.5], "rotation": 180, "texture": "#0"},
				"west": {"uv": [4, 0, 6.25, 2.5], "rotation": 180, "texture": "#0"},
				"up": {"uv": [4.25, 0, 5.5, 3.5], "rotation": 180, "texture": "#0"},
				"down": {"uv": [4.5, 0.5, 5.5, 3.5], "rotation": 180, "texture": "#0"}
			}
		},
		{
			"from": [13.1, 0, 11.4],
			"to": [13.5, 11.8, 12.8],
			"rotation": {"angle": 0, "axis": "y", "origin": [0, 0.1, 0.4]},
			"faces": {
				"north": {"uv": [4.5, 0, 5, 3], "rotation": 180, "texture": "#0"},
				"east": {"uv": [4, 0, 6, 2], "rotation": 180, "texture": "#0"},
				"south": {"uv": [4.25, 0, 5.25, 3.5], "rotation": 180, "texture": "#0"},
				"west": {"uv": [4, 0, 6.25, 2.5], "rotation": 180, "texture": "#0"},
				"up": {"uv": [4.25, 0, 5.5, 3.5], "rotation": 180, "texture": "#0"},
				"down": {"uv": [4.5, 0.5, 5.5, 3.5], "rotation": 180, "texture": "#0"}
			}
		},
		{
			"from": [5.8, 0, 2.5],
			"to": [7.2, 11.8, 2.9],
			"rotation": {"angle": 0, "axis": "x", "origin": [0, 0.1, 0.4]},
			"faces": {
				"north": {"uv": [4, 0, 6, 2], "rotation": 180, "texture": "#0"},
				"east": {"uv": [4.25, 0, 5.25, 3.5], "rotation": 180, "texture": "#0"},
				"south": {"uv": [4, 0, 6.25, 2.5], "rotation": 180, "texture": "#0"},
				"west": {"uv": [4.5, 0, 5, 3], "rotation": 180, "texture": "#0"},
				"up": {"uv": [4.25, 0, 5.5, 3.5], "rotation": 90, "texture": "#0"},
				"down": {"uv": [4.5, 0.5, 5.5, 3.5], "rotation": 270, "texture": "#0"}
			}
		},
		{
			"from": [8.7, 0, 2.5],
			"to": [10.1, 11.8, 2.9],
			"rotation": {"angle": 0, "axis": "x", "origin": [0, 0.1, 0.4]},
			"faces": {
				"north": {"uv": [4, 0, 6, 2], "rotation": 180, "texture": "#0"},
				"east": {"uv": [4.25, 0, 5.25, 3.5], "rotation": 180, "texture": "#0"},
				"south": {"uv": [3.5, 0, 5.75, 2.5], "rotation": 180, "texture": "#0"},
				"west": {"uv": [4.5, 0, 5, 3], "rotation": 180, "texture": "#0"},
				"up": {"uv": [4.25, 0, 5.5, 3.5], "rotation": 90, "texture": "#0"},
				"down": {"uv": [4.5, 0.5, 5.5, 3.5], "rotation": 270, "texture": "#0"}
			}
		},
		{
			"from": [6.1, 0, 12.8],
			"to": [7.5, 11.8, 13.2],
			"rotation": {"angle": 0, "axis": "y", "origin": [0, 0.1, 0.4]},
			"faces": {
				"north": {"uv": [3.5, 0, 5.75, 2.5], "rotation": 180, "texture": "#0"},
				"east": {"uv": [4.5, 0, 5, 3], "rotation": 180, "texture": "#0"},
				"south": {"uv": [4, 0, 6, 2], "rotation": 180, "texture": "#0"},
				"west": {"uv": [4.25, 0, 5.25, 3.5], "rotation": 180, "texture": "#0"},
				"up": {"uv": [4.25, 0, 5.5, 3.5], "rotation": 270, "texture": "#0"},
				"down": {"uv": [4.5, 0.5, 5.5, 3.5], "rotation": 90, "texture": "#0"}
			}
		},
		{
			"from": [11.7, 0, 12.8],
			"to": [13.1, 11.8, 13.2],
			"rotation": {"angle": 0, "axis": "y", "origin": [0, 0.1, 0.4]},
			"faces": {
				"north": {"uv": [3.5, 0, 5.75, 2.5], "rotation": 180, "texture": "#0"},
				"east": {"uv": [4.5, 0, 5, 3], "rotation": 180, "texture": "#0"},
				"south": {"uv": [4, 0, 6, 2], "rotation": 180, "texture": "#0"},
				"west": {"uv": [4.25, 0, 5.25, 3.5], "rotation": 180, "texture": "#0"},
				"up": {"uv": [4.25, 0, 5.5, 3.5], "rotation": 270, "texture": "#0"},
				"down": {"uv": [4.5, 0.5, 5.5, 3.5], "rotation": 90, "texture": "#0"}
			}
		},
		{
			"from": [9, 0, 12.8],
			"to": [10.4, 11.8, 13.2],
			"rotation": {"angle": 0, "axis": "y", "origin": [0, 0.1, 0.4]},
			"faces": {
				"north": {"uv": [4, 0, 6.25, 2.5], "rotation": 180, "texture": "#0"},
				"east": {"uv": [4.5, 0, 5, 3], "rotation": 180, "texture": "#0"},
				"south": {"uv": [4, 0, 6, 2], "rotation": 180, "texture": "#0"},
				"west": {"uv": [4.25, 0, 5.25, 3.5], "rotation": 180, "texture": "#0"},
				"up": {"uv": [4.25, 0, 5.5, 3.5], "rotation": 270, "texture": "#0"},
				"down": {"uv": [4.5, 0.5, 5.5, 3.5], "rotation": 90, "texture": "#0"}
			}
		},
		{
			"from": [3.1, 0, 12.8],
			"to": [4.5, 11.8, 13.2],
			"rotation": {"angle": 0, "axis": "y", "origin": [0, 0.1, 0.4]},
			"faces": {
				"north": {"uv": [3, 0, 5.25, 2.5], "rotation": 180, "texture": "#0"},
				"east": {"uv": [4.5, 0, 5, 3], "rotation": 180, "texture": "#0"},
				"south": {"uv": [4, 0, 6, 2], "rotation": 180, "texture": "#0"},
				"west": {"uv": [4.25, 0, 5.25, 3.5], "rotation": 180, "texture": "#0"},
				"up": {"uv": [4.25, 0, 5.5, 3.5], "rotation": 270, "texture": "#0"},
				"down": {"uv": [4.5, 0.5, 5.5, 3.5], "rotation": 90, "texture": "#0"}
			}
		},
		{
			"from": [3.1, 0, 12.4],
			"to": [12.7, 11.6, 12.8],
			"rotation": {"angle": 0, "axis": "x", "origin": [0, 0.1, 0.4]},
			"faces": {
				"north": {"uv": [0, 0, 2, 2], "rotation": 180, "texture": "#1"},
				"east": {"uv": [11.75, 0.75, 12.75, 4.25], "rotation": 180, "texture": "#missing"},
				"south": {"uv": [0, 0, 2.25, 2.5], "rotation": 180, "texture": "#1"},
				"west": {"uv": [12, 1, 12.5, 4], "rotation": 180, "texture": "#missing"},
				"up": {"uv": [0, 0, 1.25, 3.5], "rotation": 90, "texture": "#1"},
				"down": {"uv": [0, 0, 1, 3], "rotation": 270, "texture": "#1"}
			}
		},
		{
			"from": [3.5, 0, 3.3],
			"to": [12.7, 0.8, 12.4],
			"rotation": {"angle": 0, "axis": "x", "origin": [0, 0.1, 0.4]},
			"faces": {
				"north": {"uv": [0, 0, 2, 2], "rotation": 180, "texture": "#1"},
				"east": {"uv": [11.75, 0.75, 12.75, 4.25], "rotation": 180, "texture": "#missing"},
				"south": {"uv": [0, 0, 2.25, 2.5], "rotation": 180, "texture": "#1"},
				"west": {"uv": [12, 1, 12.5, 4], "rotation": 180, "texture": "#missing"},
				"up": {"uv": [0, 0, 1.25, 3.5], "rotation": 90, "texture": "#1"},
				"down": {"uv": [0, 0, 1, 3], "rotation": 270, "texture": "#1"}
			}
		},
		{
			"from": [3.1, 0, 3.3],
			"to": [3.5, 11.6, 12.4],
			"rotation": {"angle": 0, "axis": "y", "origin": [0, 0.1, 0.4]},
			"faces": {
				"north": {"uv": [12, 1, 12.5, 4], "rotation": 180, "texture": "#missing"},
				"east": {"uv": [2, 1.25, 4, 3.25], "rotation": 180, "texture": "#1"},
				"south": {"uv": [11.75, 0.75, 12.75, 4.25], "rotation": 180, "texture": "#missing"},
				"west": {"uv": [0, 0, 2.25, 2.5], "rotation": 180, "texture": "#1"},
				"up": {"uv": [0.75, 0, 2, 3.5], "rotation": 180, "texture": "#1"},
				"down": {"uv": [0, 0, 1, 3], "rotation": 180, "texture": "#1"}
			}
		},
		{
			"from": [12.7, 0, 3.3],
			"to": [13.1, 11.6, 12.8],
			"rotation": {"angle": 0, "axis": "y", "origin": [0, 0.1, 0.4]},
			"faces": {
				"north": {"uv": [12, 1, 12.5, 4], "rotation": 180, "texture": "#missing"},
				"east": {"uv": [0, 0.25, 2, 2.25], "rotation": 180, "texture": "#1"},
				"south": {"uv": [11.75, 0.75, 12.75, 4.25], "rotation": 180, "texture": "#missing"},
				"west": {"uv": [0, 0.5, 2.25, 3], "rotation": 180, "texture": "#1"},
				"up": {"uv": [0.75, 0.25, 2, 3.75], "rotation": 180, "texture": "#1"},
				"down": {"uv": [0, 2, 1, 5], "rotation": 180, "texture": "#1"}
			}
		}
	],
	"display": {
		"thirdperson_righthand": {
			"translation": [0, -2, -1],
			"scale": [0.2, 0.2, 0.2]
		},
		"thirdperson_lefthand": {
			"scale": [0.2, 0.2, 0.2]
		},
		"firstperson_righthand": {
			"scale": [0.3, 0.3, 0.3]
		},
		"firstperson_lefthand": {
			"scale": [0.3, 0.3, 0.3]
		},
		"ground": {
			"translation": [0, 2, 0],
			"scale": [0.3, 0.3, 0.3]
		},
		"gui": {
			"rotation": [30, 148, 0],
			"translation": [0.25, -2, 0],
			"scale": [0.5, 0.5, 0.5]
		},
		"fixed": {
			"rotation": [-90, 0, 0],
			"translation": [0, 0, -16],
			"scale": [2, 2, 2]
		}
	}
}