{
	"credit": "Made with Blockbench",
	"texture_size": [64, 64],
	"textures": {
		"0": "furnitureengine:block/book_texture_2",
		"1": "furnitureengine:block/wood/oak",
		"particle": "furnitureengine:block/book_texture_2"
	},
	"elements": [
		{
			"from": [-0.2, 8.7, 9.2],
			"to": [16, 9.9, 16],
			"faces": {
				"north": {"uv": [9.5, 0.5, 11.5, 5], "rotation": 90, "texture": "#1"},
				"east": {"uv": [9.5, 0.5, 11, 5.5], "rotation": 90, "texture": "#1"},
				"south": {"uv": [9.5, 0.5, 11, 5], "rotation": 90, "texture": "#1"},
				"west": {"uv": [9.5, 0.5, 11, 5], "rotation": 270, "texture": "#1"},
				"up": {"uv": [5, 0, 11.5, 1.5], "texture": "#1"},
				"down": {"uv": [2.5, 0, 9, 1.5], "rotation": 180, "texture": "#1"}
			}
		},
		{
			"from": [13.8, 9.9, 9.5],
			"to": [14.6, 14.1, 15.3],
			"faces": {
				"north": {"uv": [4.25, 8, 4.5, 9], "texture": "#0"},
				"east": {"uv": [0, 3, 1.5, 4], "texture": "#0"},
				"south": {"uv": [8, 5, 8.25, 6], "texture": "#0"},
				"west": {"uv": [1.75, 3, 3.25, 4], "texture": "#0"},
				"up": {"uv": [6.5, 8.75, 6.25, 7.25], "texture": "#0"},
				"down": {"uv": [7.75, 5.25, 7.5, 6.75], "texture": "#0"}
			}
		},
		{
			"from": [7.2, 9.9, 10.5],
			"to": [8, 14.1, 15.3],
			"faces": {
				"north": {"uv": [0.5, 8.5, 0.75, 9.5], "texture": "#0"},
				"east": {"uv": [5.25, 0, 6.5, 1], "texture": "#0"},
				"south": {"uv": [1, 8.5, 1.25, 9.5], "texture": "#0"},
				"west": {"uv": [5.25, 1.25, 6.5, 2.25], "texture": "#0"},
				"up": {"uv": [3, 9.25, 2.75, 8], "texture": "#0"},
				"down": {"uv": [3.5, 8, 3.25, 9.25], "texture": "#0"}
			}
		},
		{
			"from": [5, 9.9, 11.6],
			"to": [5.8, 14.9, 15.3],
			"faces": {
				"north": {"uv": [8, 3.5, 8.25, 4.75], "texture": "#0"},
				"east": {"uv": [5.25, 2.5, 6.25, 3.75], "texture": "#0"},
				"south": {"uv": [3.75, 8, 4, 9.25], "texture": "#0"},
				"west": {"uv": [0, 5.5, 1, 6.75], "texture": "#0"},
				"up": {"uv": [8.75, 3.5, 8.5, 2.5], "texture": "#0"},
				"down": {"uv": [8.75, 3.75, 8.5, 4.75], "texture": "#0"}
			}
		},
		{
			"from": [6.1, 9.9, 9.5],
			"to": [6.9, 14.1, 15.3],
			"faces": {
				"north": {"uv": [8.5, 1.25, 8.75, 2.25], "texture": "#0"},
				"east": {"uv": [3.5, 2.5, 5, 3.5], "texture": "#0"},
				"south": {"uv": [1.5, 8.5, 1.75, 9.5], "texture": "#0"},
				"west": {"uv": [3.5, 3.75, 5, 4.75], "texture": "#0"},
				"up": {"uv": [8.25, 1.5, 8, 0], "texture": "#0"},
				"down": {"uv": [8.25, 1.75, 8, 3.25], "texture": "#0"}
			}
		},
		{
			"from": [11.8, 9.9, 10],
			"to": [12.6, 13.9, 15.3],
			"faces": {
				"north": {"uv": [0, 8.5, 0.25, 9.5], "texture": "#0"},
				"east": {"uv": [0, 4.25, 1.25, 5.25], "texture": "#0"},
				"south": {"uv": [8.5, 0, 8.75, 1], "texture": "#0"},
				"west": {"uv": [1.5, 4.25, 2.75, 5.25], "texture": "#0"},
				"up": {"uv": [7.75, 1.25, 7.5, 0], "texture": "#0"},
				"down": {"uv": [2.5, 8, 2.25, 9.25], "texture": "#0"}
			}
		},
		{
			"from": [10.1, 9.9, 9.9],
			"to": [11.7, 13.5, 15.3],
			"faces": {
				"north": {"uv": [7.25, 1.5, 7.75, 2.5], "texture": "#0"},
				"east": {"uv": [3, 5, 4.25, 6], "texture": "#0"},
				"south": {"uv": [7.25, 2.75, 7.75, 3.75], "texture": "#0"},
				"west": {"uv": [4.5, 5, 5.75, 6], "texture": "#0"},
				"up": {"uv": [5.25, 7.5, 4.75, 6.25], "texture": "#0"},
				"down": {"uv": [7, 2.5, 6.5, 3.75], "texture": "#0"}
			}
		},
		{
			"from": [8.4, 9.9, 9.8],
			"to": [10, 14.4, 15.3],
			"faces": {
				"north": {"uv": [6.75, 0, 7.25, 1.25], "texture": "#0"},
				"east": {"uv": [0, 0, 1.5, 1.25], "texture": "#0"},
				"south": {"uv": [6.75, 5.5, 7.25, 6.75], "texture": "#0"},
				"west": {"uv": [0, 1.5, 1.5, 2.75], "texture": "#0"},
				"up": {"uv": [6.5, 7, 6, 5.5], "texture": "#0"},
				"down": {"uv": [3, 6.25, 2.5, 7.75], "texture": "#0"}
			}
		},
		{
			"from": [2.9, 9.9, 9.7],
			"to": [4.5, 14.4, 15.3],
			"faces": {
				"north": {"uv": [0, 7, 0.5, 8.25], "texture": "#0"},
				"east": {"uv": [1.75, 0, 3.25, 1.25], "texture": "#0"},
				"south": {"uv": [0.75, 7, 1.25, 8.25], "texture": "#0"},
				"west": {"uv": [1.75, 1.5, 3.25, 2.75], "texture": "#0"},
				"up": {"uv": [3.75, 7.75, 3.25, 6.25], "texture": "#0"},
				"down": {"uv": [4.5, 6.25, 4, 7.75], "texture": "#0"}
			}
		},
		{
			"from": [0.8, 9.9, 11],
			"to": [2.4, 14.4, 15.3],
			"faces": {
				"north": {"uv": [1.5, 7, 2, 8.25], "texture": "#0"},
				"east": {"uv": [1.25, 5.5, 2.25, 6.75], "texture": "#0"},
				"south": {"uv": [6.75, 7, 7.25, 8.25], "texture": "#0"},
				"west": {"uv": [6, 4, 7, 5.25], "texture": "#0"},
				"up": {"uv": [7.75, 5, 7.25, 4], "texture": "#0"},
				"down": {"uv": [6, 7.25, 5.5, 8.25], "texture": "#0"}
			}
		},
		{
			"from": [12.7, 9.9, 9.5],
			"to": [13.5, 13.5, 15.3],
			"faces": {
				"north": {"uv": [8, 6.25, 8.25, 7.25], "texture": "#0"},
				"east": {"uv": [3.5, 0, 5, 1], "texture": "#0"},
				"south": {"uv": [8, 7.5, 8.25, 8.5], "texture": "#0"},
				"west": {"uv": [3.5, 1.25, 5, 2.25], "texture": "#0"},
				"up": {"uv": [7.75, 8.5, 7.5, 7], "texture": "#0"},
				"down": {"uv": [5, 7.75, 4.75, 9.25], "texture": "#0"}
			}
		},
		{
			"from": [13.6, -7.9, 14.1],
			"to": [14.5, -1.7, 14.6],
			"rotation": {"angle": -45, "axis": "x", "origin": [13.3, 0, 0]},
			"faces": {
				"north": {"uv": [0, 0, 6.5, 1.5], "rotation": 90, "texture": "#1"},
				"east": {"uv": [0, 0, 6.5, 1.5], "rotation": 90, "texture": "#1"},
				"south": {"uv": [0, 0, 6.5, 1.5], "rotation": 90, "texture": "#1"},
				"west": {"uv": [0, 0, 6.5, 1.5], "rotation": 270, "texture": "#1"},
				"up": {"uv": [5, 0, 11.5, 1.5], "texture": "#missing"},
				"down": {"uv": [5, 0, 11.5, 1.5], "rotation": 180, "texture": "#missing"}
			}
		},
		{
			"from": [13.5, 3.5, 15.5],
			"to": [14.6, 8.7, 16],
			"rotation": {"angle": 0, "axis": "y", "origin": [13.3, 0, 0]},
			"faces": {
				"north": {"uv": [0, 0, 6.5, 1.5], "rotation": 90, "texture": "#1"},
				"east": {"uv": [0, 0, 6.5, 1.5], "rotation": 90, "texture": "#1"},
				"south": {"uv": [0, 0, 6.5, 1.5], "rotation": 90, "texture": "#1"},
				"west": {"uv": [0, 0, 6.5, 1.5], "rotation": 270, "texture": "#1"},
				"up": {"uv": [5, 0, 11.5, 1.5], "texture": "#missing"},
				"down": {"uv": [0, 0, 6.5, 1.5], "rotation": 180, "texture": "#1"}
			}
		},
		{
			"from": [1, 3.5, 15.5],
			"to": [2.1, 8.7, 16],
			"rotation": {"angle": 0, "axis": "y", "origin": [0.8, 0, 0]},
			"faces": {
				"north": {"uv": [0, 0, 6.5, 1.5], "rotation": 90, "texture": "#1"},
				"east": {"uv": [0, 0, 6.5, 1.5], "rotation": 90, "texture": "#1"},
				"south": {"uv": [0, 0, 6.5, 1.5], "rotation": 90, "texture": "#1"},
				"west": {"uv": [0, 0, 6.5, 1.5], "rotation": 270, "texture": "#1"},
				"up": {"uv": [5, 0, 11.5, 1.5], "texture": "#missing"},
				"down": {"uv": [0, 0, 6.5, 1.5], "rotation": 180, "texture": "#1"}
			}
		},
		{
			"from": [1.1, -7.9, 14.1],
			"to": [2, -1.7, 14.6],
			"rotation": {"angle": -45, "axis": "x", "origin": [0.8, 0, 0]},
			"faces": {
				"north": {"uv": [0, 0, 6.5, 1.5], "rotation": 90, "texture": "#1"},
				"east": {"uv": [0, 0, 6.5, 1.5], "rotation": 90, "texture": "#1"},
				"south": {"uv": [0, 0, 6.5, 1.5], "rotation": 90, "texture": "#1"},
				"west": {"uv": [0, 0, 6.5, 1.5], "rotation": 270, "texture": "#1"},
				"up": {"uv": [5, 0, 11.5, 1.5], "texture": "#missing"},
				"down": {"uv": [5, 0, 11.5, 1.5], "rotation": 180, "texture": "#missing"}
			}
		}
	],
	"display": {
		"thirdperson_righthand": {
			"rotation": [179.49, 0.06, 178.93],
			"translation": [0, -1.5, 0.25],
			"scale": [0.2, 0.2, 0.2]
		},
		"thirdperson_lefthand": {
			"scale": [0.2, 0.2, 0.2]
		},
		"firstperson_righthand": {
			"scale": [0.3, 0.3, 0.3]
		},
		"firstperson_lefthand": {
			"scale": [0.3, 0.3, 0.3]
		},
		"ground": {
			"translation": [0, 2, 0],
			"scale": [0.3, 0.3, 0.3]
		},
		"gui": {
			"rotation": [30, 148, 0],
			"translation": [0.25, -2, 0],
			"scale": [0.5, 0.5, 0.5]
		},
		"fixed": {
			"rotation": [-90, 0, 0],
			"translation": [0, 0, -16],
			"scale": [2, 2, 2]
		}
	}
}