{
	"credit": "Made with Blockbench",
	"textures": {
		"0": "furnitureengine:block/wood/jungle",
		"particle": "furnitureengine:block/wood/jungle"
	},
	"elements": [
		{
			"from": [0.8, 0, 0.2],
			"to": [15.1, 15.2, 1.7],
			"rotation": {"angle": 0, "axis": "y", "origin": [1.8, 0, -1.5]},
			"faces": {
				"north": {"uv": [0, 4, 4.5, 6], "rotation": 90, "texture": "#0"},
				"east": {"uv": [0, 7, 7.5, 7.5], "rotation": 90, "texture": "#0"},
				"south": {"uv": [0, 0, 5.5, 2], "rotation": 90, "texture": "#0"},
				"west": {"uv": [3.5, 3, 7.5, 3.5], "rotation": 270, "texture": "#0"},
				"up": {"uv": [5, 0, 11.5, 1.5], "texture": "#missing"},
				"down": {"uv": [0, 1, 6.5, 2.5], "rotation": 180, "texture": "#0"}
			}
		},
		{
			"from": [0.8, 0, 14.1],
			"to": [15.1, 15.2, 15.6],
			"rotation": {"angle": 0, "axis": "y", "origin": [1.8, 0, -1.5]},
			"faces": {
				"north": {"uv": [1, 4.5, 6, 7], "rotation": 90, "texture": "#0"},
				"east": {"uv": [0, 2.5, 7.5, 4], "rotation": 90, "texture": "#0"},
				"south": {"uv": [0, 0, 6.5, 1.5], "rotation": 90, "texture": "#0"},
				"west": {"uv": [0, 0, 8, 1], "rotation": 270, "texture": "#0"},
				"up": {"uv": [5, 0, 11.5, 1.5], "texture": "#missing"},
				"down": {"uv": [0, 3.5, 6.5, 5], "rotation": 180, "texture": "#0"}
			}
		},
		{
			"from": [2.4, 0, 1.7],
			"to": [15.1, 15.2, 14.1],
			"rotation": {"angle": 0, "axis": "y", "origin": [1.8, 0, -1.5]},
			"faces": {
				"north": {"uv": [5, 0, 11.5, 1.5], "rotation": 90, "texture": "#missing"},
				"east": {"uv": [0, 0, 3, 3], "rotation": 90, "texture": "#0"},
				"south": {"uv": [5, 0, 11.5, 1.5], "rotation": 90, "texture": "#missing"},
				"west": {"uv": [2, 0.5, 5.5, 4], "rotation": 270, "texture": "#0"},
				"up": {"uv": [5, 0, 11.5, 1.5], "texture": "#missing"},
				"down": {"uv": [5.5, 3.5, 7.5, 6], "rotation": 180, "texture": "#0"}
			}
		},
		{
			"from": [-0.5, 15.2, -0.7],
			"to": [15.7, 16.1, 16.5],
			"rotation": {"angle": 0, "axis": "y", "origin": [1.8, 0, -1.5]},
			"faces": {
				"north": {"uv": [4, 3, 7, 3.75], "rotation": 180, "texture": "#0", "tintindex": 0},
				"east": {"uv": [5, 3, 8, 3.75], "rotation": 180, "texture": "#0", "tintindex": 0},
				"south": {"uv": [4.75, 3, 7.75, 3.75], "rotation": 180, "texture": "#0", "tintindex": 0},
				"west": {"uv": [4.5, 3, 7.5, 3.75], "rotation": 180, "texture": "#0", "tintindex": 0},
				"up": {"uv": [0, 0, 5, 2.5], "rotation": 180, "texture": "#0", "tintindex": 0},
				"down": {"uv": [0.5, 0.5, 3.5, 3.5], "rotation": 180, "texture": "#0", "tintindex": 0}
			}
		},
		{
			"from": [0.8, 8.7, 1.7],
			"to": [2.9, 13.9, 14.1],
			"rotation": {"angle": 0, "axis": "y", "origin": [1.8, 0, -1.5]},
			"faces": {
				"north": {"uv": [4, 3, 7, 3.75], "rotation": 180, "texture": "#missing", "tintindex": 0},
				"east": {"uv": [5, 3, 8, 3.75], "rotation": 180, "texture": "#missing", "tintindex": 0},
				"south": {"uv": [4.75, 3, 7.75, 3.75], "rotation": 180, "texture": "#missing", "tintindex": 0},
				"west": {"uv": [4.5, 3, 7.5, 3.75], "rotation": 180, "texture": "#0", "tintindex": 0},
				"up": {"uv": [0.5, 4.5, 3.5, 7.5], "rotation": 180, "texture": "#0", "tintindex": 0},
				"down": {"uv": [0.5, 0.5, 3.5, 3.5], "rotation": 180, "texture": "#0", "tintindex": 0}
			}
		},
		{
			"from": [0.5, 10.6, 6.7],
			"to": [0.7, 11.5, 9.4],
			"rotation": {"angle": 0, "axis": "y", "origin": [1.8, 0, -1.5]},
			"faces": {
				"north": {"uv": [13, 3.5, 16, 4.25], "rotation": 180, "texture": "#0", "tintindex": 0},
				"east": {"uv": [5, 3, 8, 3.75], "rotation": 180, "texture": "#missing", "tintindex": 0},
				"south": {"uv": [13, 3.5, 16, 4.25], "rotation": 180, "texture": "#0", "tintindex": 0},
				"west": {"uv": [12, 1.5, 15, 2.25], "rotation": 180, "texture": "#0", "tintindex": 0},
				"up": {"uv": [13, 3.5, 16, 4.5], "rotation": 180, "texture": "#0", "tintindex": 0},
				"down": {"uv": [13, 3.5, 16, 4.5], "rotation": 180, "texture": "#0", "tintindex": 0}
			}
		},
		{
			"from": [0.5, 4.9, 6.7],
			"to": [0.7, 5.8, 9.4],
			"rotation": {"angle": 0, "axis": "y", "origin": [1.8, 0, -1.5]},
			"faces": {
				"north": {"uv": [13, 3.5, 16, 4.25], "rotation": 180, "texture": "#0", "tintindex": 0},
				"east": {"uv": [5, 3, 8, 3.75], "rotation": 180, "texture": "#missing", "tintindex": 0},
				"south": {"uv": [13, 3.5, 16, 4.25], "rotation": 180, "texture": "#0", "tintindex": 0},
				"west": {"uv": [12, 1.5, 15, 2.25], "rotation": 180, "texture": "#0", "tintindex": 0},
				"up": {"uv": [13, 3.5, 16, 4.5], "rotation": 180, "texture": "#0", "tintindex": 0},
				"down": {"uv": [13, 3.5, 16, 4.5], "rotation": 180, "texture": "#0", "tintindex": 0}
			}
		},
		{
			"from": [0.8, 2.9, 1.7],
			"to": [2.9, 8.1, 14.1],
			"rotation": {"angle": 0, "axis": "y", "origin": [1.8, 0, -1.5]},
			"faces": {
				"north": {"uv": [4, 3, 7, 3.75], "rotation": 180, "texture": "#missing", "tintindex": 0},
				"east": {"uv": [5, 3, 8, 3.75], "rotation": 180, "texture": "#missing", "tintindex": 0},
				"south": {"uv": [4.75, 3, 7.75, 3.75], "rotation": 180, "texture": "#missing", "tintindex": 0},
				"west": {"uv": [4.5, 3, 7.5, 3.75], "rotation": 180, "texture": "#0", "tintindex": 0},
				"up": {"uv": [5, 0.5, 8, 3.5], "rotation": 180, "texture": "#0", "tintindex": 0},
				"down": {"uv": [0.5, 0.5, 3.5, 3.5], "rotation": 180, "texture": "#0", "tintindex": 0}
			}
		}
	],
	"display": {
		"thirdperson_righthand": {
			"rotation": [120.95, -88.78, 30.24],
			"translation": [0.25, -1.75, -1.5],
			"scale": [0.2, 0.2, 0.2]
		},
		"thirdperson_lefthand": {
			"scale": [0.2, 0.2, 0.2]
		},
		"firstperson_righthand": {
			"scale": [0.3, 0.3, 0.3]
		},
		"firstperson_lefthand": {
			"scale": [0.3, 0.3, 0.3]
		},
		"ground": {
			"translation": [0, 2, 0],
			"scale": [0.3, 0.3, 0.3]
		},
		"gui": {
			"rotation": [30, 148, 0],
			"translation": [0.25, -2, 0],
			"scale": [0.5, 0.5, 0.5]
		},
		"fixed": {
			"rotation": [-90, 0, 0],
			"translation": [0, 0, -16],
			"scale": [2, 2, 2]
		}
	}
}