{
	"credit": "Made with Blockbench",
	"ambientocclusion": false,
	"textures": {
		"0": "furnitureengine:block/airvent_white",
		"particle": "furnitureengine:block/airvent_white"
	},
	"elements": [
		{
			"from": [-1.4, 3.8, 14.9],
			"to": [17.7, 10.6, 15.7],
			"faces": {
				"north": {"uv": [0, 0, 4.1875, 1.5625], "texture": "#0", "tintindex": 0},
				"east": {"uv": [4.5, 1, 5.125, 2.5625], "texture": "#0", "tintindex": 0},
				"south": {"uv": [0, 2, 4.1875, 3.5625], "texture": "#0", "tintindex": 0},
				"west": {"uv": [4.5, 3, 5.125, 4.5625], "texture": "#0", "tintindex": 0},
				"up": {"uv": [4.1875, 4.625, 0, 4], "texture": "#0", "tintindex": 0},
				"down": {"uv": [8.6875, 0, 4.5, 0.625], "texture": "#0", "tintindex": 0}
			}
		},
		{
			"from": [-0.3, 4.7, 14.6],
			"to": [16.6, 5.1, 14.9],
			"faces": {
				"north": {"uv": [0, 0, 4.1875, 1.5625], "texture": "#0", "tintindex": 0},
				"east": {"uv": [4.5, 1, 5.125, 2.5625], "texture": "#0", "tintindex": 0},
				"south": {"uv": [0, 2, 4.1875, 3.5625], "texture": "#0", "tintindex": 0},
				"west": {"uv": [4.5, 3, 5.125, 4.5625], "texture": "#0", "tintindex": 0},
				"up": {"uv": [4.1875, 4.625, 0, 4], "texture": "#0", "tintindex": 0},
				"down": {"uv": [8.6875, 0, 4.5, 0.625], "texture": "#0", "tintindex": 0}
			}
		},
		{
			"from": [16.9, 4.1, 14.8],
			"to": [17.4, 4.5, 14.9],
			"faces": {
				"north": {"uv": [7.3125, 7.6875, 11.5, 9.25], "texture": "#0", "tintindex": 0},
				"east": {"uv": [9.3125, 7.75, 10.125, 9.125], "texture": "#0", "tintindex": 0},
				"south": {"uv": [0, 2, 4.1875, 3.5625], "texture": "#0", "tintindex": 0},
				"west": {"uv": [9.375, 7.8125, 10.1875, 9.125], "texture": "#0", "tintindex": 0},
				"up": {"uv": [11.5625, 8.6875, 7.375, 8.0625], "texture": "#0", "tintindex": 0},
				"down": {"uv": [11.3125, 7.9375, 7.5, 9.0625], "texture": "#0", "tintindex": 0}
			}
		},
		{
			"from": [-0.3, 6.1, 14.6],
			"to": [16.6, 6.5, 14.9],
			"faces": {
				"north": {"uv": [0, 0, 4.1875, 1.5625], "texture": "#0", "tintindex": 0},
				"east": {"uv": [4.5, 1, 5.125, 2.5625], "texture": "#0", "tintindex": 0},
				"south": {"uv": [0, 2, 4.1875, 3.5625], "texture": "#0", "tintindex": 0},
				"west": {"uv": [4.5, 3, 5.125, 4.5625], "texture": "#0", "tintindex": 0},
				"up": {"uv": [4.1875, 4.625, 0, 4], "texture": "#0", "tintindex": 0},
				"down": {"uv": [8.6875, 0, 4.5, 0.625], "texture": "#0", "tintindex": 0}
			}
		},
		{
			"from": [-0.3, 5.4, 14.6],
			"to": [16.6, 5.8, 14.9],
			"faces": {
				"north": {"uv": [0, 0, 4.1875, 1.5625], "texture": "#0", "tintindex": 0},
				"east": {"uv": [4.5, 1, 5.125, 2.5625], "texture": "#0", "tintindex": 0},
				"south": {"uv": [0, 2, 4.1875, 3.5625], "texture": "#0", "tintindex": 0},
				"west": {"uv": [4.5, 3, 5.125, 4.5625], "texture": "#0", "tintindex": 0},
				"up": {"uv": [4.1875, 4.625, 0, 4], "texture": "#0", "tintindex": 0},
				"down": {"uv": [8.6875, 0, 4.5, 0.625], "texture": "#0", "tintindex": 0}
			}
		},
		{
			"from": [-0.3, 7.5, 14.6],
			"to": [16.6, 7.9, 14.9],
			"faces": {
				"north": {"uv": [0, 0, 4.1875, 1.5625], "texture": "#0", "tintindex": 0},
				"east": {"uv": [4.5, 1, 5.125, 2.5625], "texture": "#0", "tintindex": 0},
				"south": {"uv": [0, 2, 4.1875, 3.5625], "texture": "#0", "tintindex": 0},
				"west": {"uv": [4.5, 3, 5.125, 4.5625], "texture": "#0", "tintindex": 0},
				"up": {"uv": [4.1875, 4.625, 0, 4], "texture": "#0", "tintindex": 0},
				"down": {"uv": [8.6875, 0, 4.5, 0.625], "texture": "#0", "tintindex": 0}
			}
		},
		{
			"from": [-0.3, 6.8, 14.6],
			"to": [16.6, 7.2, 14.9],
			"faces": {
				"north": {"uv": [0, 0, 4.1875, 1.5625], "texture": "#0", "tintindex": 0},
				"east": {"uv": [4.5, 1, 5.125, 2.5625], "texture": "#0", "tintindex": 0},
				"south": {"uv": [0, 2, 4.1875, 3.5625], "texture": "#0", "tintindex": 0},
				"west": {"uv": [4.5, 3, 5.125, 4.5625], "texture": "#0", "tintindex": 0},
				"up": {"uv": [4.1875, 4.625, 0, 4], "texture": "#0", "tintindex": 0},
				"down": {"uv": [8.6875, 0, 4.5, 0.625], "texture": "#0", "tintindex": 0}
			}
		},
		{
			"from": [-0.3, 8.8, 14.6],
			"to": [16.6, 9.2, 14.9],
			"faces": {
				"north": {"uv": [0, 0, 4.1875, 1.5625], "texture": "#0", "tintindex": 0},
				"east": {"uv": [4.5, 1, 5.125, 2.5625], "texture": "#0", "tintindex": 0},
				"south": {"uv": [0, 2, 4.1875, 3.5625], "texture": "#0", "tintindex": 0},
				"west": {"uv": [4.5, 3, 5.125, 4.5625], "texture": "#0", "tintindex": 0},
				"up": {"uv": [4.1875, 4.625, 0, 4], "texture": "#0", "tintindex": 0},
				"down": {"uv": [8.6875, 0, 4.5, 0.625], "texture": "#0", "tintindex": 0}
			}
		},
		{
			"from": [-0.3, 9.4, 14.6],
			"to": [16.6, 9.8, 14.9],
			"faces": {
				"north": {"uv": [0, 0, 4.1875, 1.5625], "texture": "#0", "tintindex": 0},
				"east": {"uv": [4.5, 1, 5.125, 2.5625], "texture": "#0", "tintindex": 0},
				"south": {"uv": [0, 2, 4.1875, 3.5625], "texture": "#0", "tintindex": 0},
				"west": {"uv": [4.5, 3, 5.125, 4.5625], "texture": "#0", "tintindex": 0},
				"up": {"uv": [4.1875, 4.625, 0, 4], "texture": "#0", "tintindex": 0},
				"down": {"uv": [8.6875, 0, 4.5, 0.625], "texture": "#0", "tintindex": 0}
			}
		},
		{
			"from": [-0.3, 8.1, 14.6],
			"to": [16.6, 8.5, 14.9],
			"faces": {
				"north": {"uv": [0, 0, 4.1875, 1.5625], "texture": "#0", "tintindex": 0},
				"east": {"uv": [4.5, 1, 5.125, 2.5625], "texture": "#0", "tintindex": 0},
				"south": {"uv": [0, 2, 4.1875, 3.5625], "texture": "#0", "tintindex": 0},
				"west": {"uv": [4.5, 3, 5.125, 4.5625], "texture": "#0", "tintindex": 0},
				"up": {"uv": [4.1875, 4.625, 0, 4], "texture": "#0", "tintindex": 0},
				"down": {"uv": [8.6875, 0, 4.5, 0.625], "texture": "#0", "tintindex": 0}
			}
		}
	],
	"display": {
		"thirdperson_righthand": {
			"rotation": [84.25, 0, 0],
			"translation": [-6, 4, -2.25],
			"scale": [0.69805, 0.69805, 0.69805]
		},
		"thirdperson_lefthand": {
			"scale": [0.2, 0.2, 0.2]
		},
		"firstperson_righthand": {
			"scale": [0.3, 0.3, 0.3]
		},
		"firstperson_lefthand": {
			"scale": [0.3, 0.3, 0.3]
		},
		"ground": {
			"translation": [0, 2, 0],
			"scale": [0.3, 0.3, 0.3]
		},
		"gui": {
			"rotation": [30, 148, 0],
			"translation": [0.25, 0.5, 0],
			"scale": [0.5, 0.5, 0.5]
		},
		"fixed": {
			"rotation": [-90, 0, 0],
			"translation": [0, 0, -16],
			"scale": [2, 2, 2]
		}
	}
}