{
	"credit": "Made with Blockbench",
	"texture_size": [64, 64],
	"textures": {
		"0": "furnitureengine:block/modern_couch",
		"1": "furnitureengine:block/wood/oak",
		"particle": "furnitureengine:block/modern_couch"
	},
	"elements": [
		{
			"from": [13, 0, 1],
			"to": [15, 4, 3],
			"faces": {
				"north": {"uv": [0, 0, 1, 2], "texture": "#1"},
				"east": {"uv": [0, 0, 1, 2], "texture": "#1"},
				"south": {"uv": [0, 0, 1, 2], "texture": "#1"},
				"west": {"uv": [0, 0, 1, 2], "texture": "#1"},
				"up": {"uv": [11.5, 3, 10.5, 4], "texture": "#1"},
				"down": {"uv": [11.5, 3, 10.5, 4], "texture": "#1"}
			}
		},
		{
			"from": [1, 0, 1],
			"to": [3, 4, 3],
			"faces": {
				"north": {"uv": [0, 0, 1, 2], "texture": "#1"},
				"east": {"uv": [0, 0, 1, 2], "texture": "#1"},
				"south": {"uv": [0, 0, 1, 2], "texture": "#1"},
				"west": {"uv": [0, 0, 1, 2], "texture": "#1"},
				"up": {"uv": [11.5, 3, 10.5, 4], "texture": "#1"},
				"down": {"uv": [11.5, 3, 10.5, 4], "texture": "#1"}
			}
		},
		{
			"from": [1, 0, 13],
			"to": [3, 4, 15],
			"faces": {
				"north": {"uv": [0, 0, 1, 2], "texture": "#1"},
				"east": {"uv": [0, 0, 1, 2], "texture": "#1"},
				"south": {"uv": [0, 0, 1, 2], "texture": "#1"},
				"west": {"uv": [0, 0, 1, 2], "texture": "#1"},
				"up": {"uv": [11.5, 3, 10.5, 4], "texture": "#1"},
				"down": {"uv": [11.5, 3, 10.5, 4], "texture": "#1"}
			}
		},
		{
			"from": [13, 0, 13],
			"to": [15, 4, 15],
			"faces": {
				"north": {"uv": [0, 0, 1, 2], "texture": "#1"},
				"east": {"uv": [0, 0, 1, 2], "texture": "#1"},
				"south": {"uv": [0, 0, 1, 2], "texture": "#1"},
				"west": {"uv": [0, 0, 1, 2], "texture": "#1"},
				"up": {"uv": [11.5, 3, 10.5, 4], "texture": "#1"},
				"down": {"uv": [11.5, 3, 10.5, 4], "texture": "#1"}
			}
		},
		{
			"from": [0, 4, 0],
			"to": [16, 8, 16],
			"faces": {
				"north": {"uv": [4, 4, 8, 5], "texture": "#0", "tintindex": 0},
				"east": {"uv": [0, 4, 4, 5], "texture": "#0", "tintindex": 0},
				"south": {"uv": [12, 4, 16, 5], "texture": "#0", "tintindex": 0},
				"west": {"uv": [8, 4, 12, 5], "texture": "#0", "tintindex": 0},
				"up": {"uv": [8, 4, 4, 0], "texture": "#0", "tintindex": 0},
				"down": {"uv": [12, 0, 8, 4], "texture": "#0", "tintindex": 0}
			}
		},
		{
			"from": [-2, 8, -0.5],
			"to": [2, 12, 15.5],
			"faces": {
				"north": {"uv": [4, 14.25, 5, 15.25], "texture": "#0", "tintindex": 0},
				"east": {"uv": [0, 14.25, 4, 15.25], "texture": "#0", "tintindex": 0},
				"south": {"uv": [9, 14.25, 10, 15.25], "texture": "#0", "tintindex": 0},
				"west": {"uv": [5, 14.25, 9, 15.25], "texture": "#0", "tintindex": 0},
				"up": {"uv": [5, 14.25, 4, 10.25], "texture": "#0", "tintindex": 0},
				"down": {"uv": [6, 10.25, 5, 14.25], "texture": "#0", "tintindex": 0}
			}
		},
		{
			"from": [14, 8, -0.5],
			"to": [18, 12, 15.5],
			"faces": {
				"north": {"uv": [4, 14.25, 5, 15.25], "texture": "#0", "tintindex": 0},
				"east": {"uv": [0, 14.25, 4, 15.25], "texture": "#0", "tintindex": 0},
				"south": {"uv": [9, 14.25, 10, 15.25], "texture": "#0", "tintindex": 0},
				"west": {"uv": [5, 14.25, 9, 15.25], "texture": "#0", "tintindex": 0},
				"up": {"uv": [5, 14.25, 4, 10.25], "texture": "#0", "tintindex": 0},
				"down": {"uv": [6, 10.25, 5, 14.25], "texture": "#0", "tintindex": 0}
			}
		},
		{
			"from": [0.025, 11.5, 7.3],
			"to": [15.975, 27.5, 12.3],
			"rotation": {"angle": 22.5, "axis": "x", "origin": [0, 0, 0]},
			"faces": {
				"north": {"uv": [1.25, 6.25, 5.25, 10.25], "texture": "#0", "tintindex": 0},
				"east": {"uv": [0, 6.25, 1.25, 10.25], "texture": "#0", "tintindex": 0},
				"south": {"uv": [6.5, 6.25, 10.5, 10.25], "texture": "#0", "tintindex": 0},
				"west": {"uv": [5.25, 6.25, 6.5, 10.25], "texture": "#0", "tintindex": 0},
				"up": {"uv": [5.25, 6.25, 1.25, 5], "texture": "#0", "tintindex": 0},
				"down": {"uv": [9.25, 5, 5.25, 6.25], "texture": "#0", "tintindex": 0}
			}
		}
	],
	"display": {
		"thirdperson_righthand": {
			"translation": [0, 0.25, 0],
			"scale": [0.2, 0.2, 0.2]
		},
		"thirdperson_lefthand": {
			"translation": [0, 0.25, 0],
			"scale": [0.2, 0.2, 0.2]
		},
		"firstperson_righthand": {
			"scale": [0.3, 0.3, 0.3]
		},
		"firstperson_lefthand": {
			"scale": [0.3, 0.3, 0.3]
		},
		"ground": {
			"translation": [0, 2, 0],
			"scale": [0.3, 0.3, 0.3]
		},
		"gui": {
			"rotation": [30, 148, 0],
			"translation": [0, -1.75, 0],
			"scale": [0.45, 0.45, 0.45]
		},
		"fixed": {
			"rotation": [-90, 0, 0],
			"translation": [0, 0, -18],
			"scale": [2, 2, 2]
		}
	}
}