{
	"credit": "Made with Blockbench",
	"texture_size": [128, 128],
	"textures": {
		"0": "furnitureengine:block/big_table",
		"particle": "furnitureengine:block/big_table"
	},
	"elements": [
		{
			"from": [12, 0, -15],
			"to": [15, 1, 15],
			"faces": {
				"north": {"uv": [6, 1.125, 6.375, 1.25], "texture": "#0"},
				"east": {"uv": [5.5, 4.25, 9.25, 4.375], "texture": "#0"},
				"south": {"uv": [6, 1.25, 6.375, 1.375], "texture": "#0"},
				"west": {"uv": [5.5, 4.375, 9.25, 4.5], "texture": "#0"},
				"up": {"uv": [4.375, 3.75, 4, 0], "texture": "#0"},
				"down": {"uv": [4.375, 3.75, 4, 7.5], "texture": "#0"}
			}
		},
		{
			"from": [-15, 0, -15],
			"to": [-12, 1, 15],
			"faces": {
				"north": {"uv": [6, 1.375, 6.375, 1.5], "texture": "#0"},
				"east": {"uv": [5.5, 4.5, 9.25, 4.625], "texture": "#0"},
				"south": {"uv": [6, 1.5, 6.375, 1.625], "texture": "#0"},
				"west": {"uv": [5.5, 4.625, 9.25, 4.75], "texture": "#0"},
				"up": {"uv": [4.75, 3.75, 4.375, 0], "texture": "#0"},
				"down": {"uv": [4.75, 3.75, 4.375, 7.5], "texture": "#0"}
			}
		},
		{
			"from": [-16, 14, -16],
			"to": [16, 16, 16],
			"faces": {
				"north": {"uv": [4.75, 0, 8.75, 0.25], "texture": "#0"},
				"east": {"uv": [4.75, 0.25, 8.75, 0.5], "texture": "#0"},
				"south": {"uv": [4.75, 0.5, 8.75, 0.75], "texture": "#0"},
				"west": {"uv": [4.75, 0.75, 8.75, 1], "texture": "#0"},
				"up": {"uv": [4, 4, 0, 0], "texture": "#0"},
				"down": {"uv": [4, 4, 0, 8], "texture": "#0"}
			}
		},
		{
			"from": [-15, 1, -15],
			"to": [-12, 14, -14],
			"faces": {
				"north": {"uv": [4.75, 4.25, 5.125, 5.875], "texture": "#0"},
				"east": {"uv": [5.75, 4.75, 5.875, 6.375], "texture": "#0"},
				"south": {"uv": [5.125, 1, 5.5, 2.625], "texture": "#0"},
				"west": {"uv": [5.875, 1, 6, 2.625], "texture": "#0"},
				"up": {"uv": [6.375, 1.75, 6, 1.625], "texture": "#0"},
				"down": {"uv": [6.375, 1.75, 6, 1.875], "texture": "#0"}
			}
		},
		{
			"from": [12, 1, -15],
			"to": [15, 14, -14],
			"faces": {
				"north": {"uv": [5.125, 2.625, 5.5, 4.25], "texture": "#0"},
				"east": {"uv": [5.875, 2.625, 6, 4.25], "texture": "#0"},
				"south": {"uv": [5.125, 4.25, 5.5, 5.875], "texture": "#0"},
				"west": {"uv": [4.75, 5.875, 4.875, 7.5], "texture": "#0"},
				"up": {"uv": [6.375, 2, 6, 1.875], "texture": "#0"},
				"down": {"uv": [6.375, 2, 6, 2.125], "texture": "#0"}
			}
		},
		{
			"from": [12, 1, 14],
			"to": [15, 14, 15],
			"faces": {
				"north": {"uv": [5.5, 1, 5.875, 2.625], "texture": "#0"},
				"east": {"uv": [5.875, 4.75, 6, 6.375], "texture": "#0"},
				"south": {"uv": [5.5, 2.625, 5.875, 4.25], "texture": "#0"},
				"west": {"uv": [4.875, 5.875, 5, 7.5], "texture": "#0"},
				"up": {"uv": [6.375, 2.25, 6, 2.125], "texture": "#0"},
				"down": {"uv": [6.375, 2.25, 6, 2.375], "texture": "#0"}
			}
		},
		{
			"from": [-15, 1, 14],
			"to": [-12, 14, 15],
			"faces": {
				"north": {"uv": [4.75, 1, 5.125, 2.625], "texture": "#0"},
				"east": {"uv": [5.5, 4.75, 5.625, 6.375], "texture": "#0"},
				"south": {"uv": [4.75, 2.625, 5.125, 4.25], "texture": "#0"},
				"west": {"uv": [5.625, 4.75, 5.75, 6.375], "texture": "#0"},
				"up": {"uv": [5.375, 6, 5, 5.875], "texture": "#0"},
				"down": {"uv": [6.375, 1, 6, 1.125], "texture": "#0"}
			}
		}
	],
	"display": {
		"thirdperson_righthand": {
			"translation": [1.5, -1.25, 0],
			"scale": [0.2, 0.2, 0.2]
		},
		"thirdperson_lefthand": {
			"translation": [-1.5, -1.25, 0],
			"scale": [0.2, 0.2, 0.2]
		},
		"firstperson_righthand": {
			"scale": [0.3, 0.3, 0.3]
		},
		"firstperson_lefthand": {
			"scale": [0.3, 0.3, 0.3]
		},
		"ground": {
			"translation": [1.5, 2, 1.5],
			"scale": [0.2, 0.2, 0.2]
		},
		"gui": {
			"rotation": [30, 148, 0],
			"translation": [-0.75, 1.25, 0],
			"scale": [0.3, 0.3, 0.3]
		},
		"fixed": {
			"rotation": [-90, 0, 0],
			"translation": [0, 32, -16],
			"scale": [2, 2, 2]
		}
	}
}