{
	"credit": "Made with Blockbench",
	"ambientocclusion": false,
	"textures": {
		"0": "furnitureengine:block/stool"
	},
	"elements": [
		{
			"from": [2.1, 0.1, 6.7],
			"to": [14.1, 2.1, 8.7],
			"faces": {
				"north": {"uv": [4, 2.75, 8, 4], "texture": "#0", "tintindex": 0},
				"east": {"uv": [4, 2.75, 8, 4], "texture": "#0", "tintindex": 0},
				"south": {"uv": [4, 2.75, 8, 4], "texture": "#0", "tintindex": 0},
				"west": {"uv": [4, 2.75, 8, 4], "texture": "#0", "tintindex": 0},
				"up": {"uv": [0, 0, 4, 4], "texture": "#0", "tintindex": 0},
				"down": {"uv": [0, 4, 4, 8], "texture": "#0", "tintindex": 0}
			}
		}
	],
	"display": {
		"thirdperson_righthand": {
			"rotation": [0, 90, 0],
			"translation": [0, 0, -1.25],
			"scale": [0.2, 0.2, 0.2]
		},
		"thirdperson_lefthand": {
			"scale": [0.2, 0.2, 0.2]
		},
		"firstperson_righthand": {
			"scale": [0.3, 0.3, 0.3]
		},
		"firstperson_lefthand": {
			"scale": [0.3, 0.3, 0.3]
		},
		"ground": {
			"translation": [0, 2, 0],
			"scale": [0.3, 0.3, 0.3]
		},
		"gui": {
			"rotation": [30, 148, 0],
			"translation": [0.25, 0.5, 0],
			"scale": [0.5, 0.5, 0.5]
		},
		"fixed": {
			"rotation": [-90, 0, 0],
			"translation": [0, 0, -16],
			"scale": [2, 2, 2]
		}
	}
}