{
	"credit": "Made with Blockbench",
	"textures": {
		"0": "furnitureengine:block/stool",
		"particle": "furnitureengine:block/stool"
	},
	"elements": [
		{
			"from": [1.1, 14.8, -0.6],
			"to": [15, 16.1, 32],
			"faces": {
				"north": {"uv": [4, 3, 7, 3.75], "texture": "#0", "tintindex": 0},
				"east": {"uv": [4.5, 3, 7.5, 3.75], "texture": "#0", "tintindex": 0},
				"south": {"uv": [4.75, 3, 7.75, 3.75], "texture": "#0", "tintindex": 0},
				"west": {"uv": [5, 3, 8, 3.75], "texture": "#0", "tintindex": 0},
				"up": {"uv": [0.5, 0.5, 3.5, 3.5], "texture": "#0", "tintindex": 0},
				"down": {"uv": [0.5, 4.5, 3.5, 7.5], "texture": "#0", "tintindex": 0}
			}
		},
		{
			"from": [2.3, 0, 2.9],
			"to": [3.4, 14.9, 4.8],
			"faces": {
				"north": {"uv": [1, 1.25, 3, 3.25], "texture": "#0"},
				"east": {"uv": [1.25, 1.5, 2.75, 3], "texture": "#0"},
				"south": {"uv": [1, 1.75, 2.75, 3], "texture": "#0"},
				"west": {"uv": [0.75, 0.75, 3.25, 3.5], "texture": "#0"},
				"up": {"uv": [3, 4, 4, 5], "texture": "#0"},
				"down": {"uv": [3, 3, 4, 4], "texture": "#0"}
			}
		},
		{
			"from": [12.6, 0, 2.9],
			"to": [13.7, 14.9, 4.8],
			"faces": {
				"north": {"uv": [1, 1.25, 3, 3.25], "texture": "#0"},
				"east": {"uv": [1.25, 1.5, 2.75, 3], "texture": "#0"},
				"south": {"uv": [1, 1.75, 2.75, 3], "texture": "#0"},
				"west": {"uv": [0.75, 0.75, 3.25, 3.5], "texture": "#0"},
				"up": {"uv": [3, 4, 4, 5], "texture": "#0"},
				"down": {"uv": [3, 3, 4, 4], "texture": "#0"}
			}
		},
		{
			"from": [2.3, 0, 25.9],
			"to": [3.4, 14.9, 27.8],
			"faces": {
				"north": {"uv": [1, 1.25, 3, 3.25], "texture": "#0"},
				"east": {"uv": [1.25, 1.5, 2.75, 3], "texture": "#0"},
				"south": {"uv": [1, 1.75, 2.75, 3], "texture": "#0"},
				"west": {"uv": [0.75, 0.75, 3.25, 3.5], "texture": "#0"},
				"up": {"uv": [3, 4, 4, 5], "texture": "#0"},
				"down": {"uv": [3, 3, 4, 4], "texture": "#0"}
			}
		},
		{
			"from": [12.6, 0, 25.9],
			"to": [13.7, 14.9, 27.8],
			"faces": {
				"north": {"uv": [1, 1.25, 3, 3.25], "texture": "#0"},
				"east": {"uv": [1.25, 1.5, 2.75, 3], "texture": "#0"},
				"south": {"uv": [1, 1.75, 2.75, 3], "texture": "#0"},
				"west": {"uv": [0.75, 0.75, 3.25, 3.5], "texture": "#0"},
				"up": {"uv": [3, 4, 4, 5], "texture": "#0"},
				"down": {"uv": [3, 3, 4, 4], "texture": "#0"}
			}
		}
	],
	"display": {
		"thirdperson_righthand": {
			"rotation": [87.85, 86.86, -0.78],
			"translation": [-1.5, -0.75, -1],
			"scale": [0.2, 0.2, 0.2]
		},
		"thirdperson_lefthand": {
			"scale": [0.2, 0.2, 0.2]
		},
		"firstperson_righthand": {
			"scale": [0.3, 0.3, 0.3]
		},
		"firstperson_lefthand": {
			"scale": [0.3, 0.3, 0.3]
		},
		"ground": {
			"translation": [2, 2, 0],
			"scale": [0.3, 0.3, 0.3]
		},
		"gui": {
			"rotation": [30, -30, 0],
			"translation": [2.75, -1.25, 0],
			"scale": [0.4, 0.4, 0.4]
		},
		"fixed": {
			"rotation": [-90, 0, 0],
			"translation": [0, 0, -15],
			"scale": [2, 2, 2]
		}
	}
}