{
	"credit": "Made with Blockbench",
	"textures": {
		"0": "furnitureengine:block/donut_texture",
		"particle": "furnitureengine:block/donut_texture"
	},
	"elements": [
		{
			"from": [10.9, 0, 4],
			"to": [12.1, 2.7, 12.1],
			"faces": {
				"north": {"uv": [4.25, 0, 8.25, 0.75], "texture": "#0"},
				"east": {"uv": [0, 0, 4, 0.75], "texture": "#0"},
				"south": {"uv": [4.25, 2, 8.25, 2.75], "texture": "#0"},
				"west": {"uv": [4.25, 3, 8.25, 3.75], "texture": "#0"},
				"up": {"uv": [4, 4.5, 0, 4], "texture": "#0"},
				"down": {"uv": [4, 0, 0, 0.5], "texture": "#0"}
			}
		},
		{
			"from": [4.2, 0, 4],
			"to": [5.4, 2.7, 12.1],
			"faces": {
				"north": {"uv": [4.25, 0, 8.25, 0.75], "texture": "#0"},
				"east": {"uv": [4.25, 1, 8.25, 1.75], "texture": "#0"},
				"south": {"uv": [4.25, 2, 8.25, 2.75], "texture": "#0"},
				"west": {"uv": [0, 0, 4, 0.75], "texture": "#0"},
				"up": {"uv": [4, 4.5, 0, 4], "texture": "#0"},
				"down": {"uv": [4, 0, 0, 0.5], "texture": "#0"}
			}
		},
		{
			"from": [4.2, 0, 3.2],
			"to": [12.1, 2.7, 4],
			"faces": {
				"north": {"uv": [0, 0, 8, 3], "texture": "#0"},
				"east": {"uv": [0, 0, 8, 3], "texture": "#0"},
				"south": {"uv": [0, 0, 8, 3], "texture": "#0"},
				"west": {"uv": [0, 0, 8, 3], "texture": "#0"},
				"up": {"uv": [0, 4, 4, 5], "texture": "#0"},
				"down": {"uv": [0, 0, 8, 3], "texture": "#0"}
			}
		},
		{
			"from": [4.2, 0, 12.1],
			"to": [12.1, 2.7, 12.9],
			"faces": {
				"north": {"uv": [0, 0, 4, 1.5], "texture": "#0"},
				"east": {"uv": [0, 0, 0.5, 1.5], "texture": "#0"},
				"south": {"uv": [0, 0, 4, 0.5], "texture": "#0"},
				"west": {"uv": [0, 0, 0.5, 1.5], "texture": "#0"},
				"up": {"uv": [4, 4.5, 0, 4], "texture": "#0"},
				"down": {"uv": [8.5, 0, 4.5, 0.5], "texture": "#0"}
			}
		},
		{
			"from": [5.4, 0, 10.9],
			"to": [10.9, 2.7, 12.1],
			"faces": {
				"north": {"uv": [4.25, 0, 8.25, 0.75], "texture": "#0"},
				"east": {"uv": [4.25, 1, 8.25, 1.75], "texture": "#0"},
				"south": {"uv": [4.25, 2, 8.25, 2.75], "texture": "#0"},
				"west": {"uv": [4.25, 3, 8.25, 3.75], "texture": "#0"},
				"up": {"uv": [4, 4, 0, 4.5], "texture": "#0"},
				"down": {"uv": [3.5, 0, 0, 1], "texture": "#0"}
			}
		},
		{
			"from": [5.4, 0, 4],
			"to": [10.9, 2.7, 5.2],
			"faces": {
				"north": {"uv": [4.25, 0, 8.25, 0.75], "texture": "#0"},
				"east": {"uv": [4.25, 1, 8.25, 1.75], "texture": "#0"},
				"south": {"uv": [4.25, 2, 8.25, 2.75], "texture": "#0"},
				"west": {"uv": [4.25, 3, 8.25, 3.75], "texture": "#0"},
				"up": {"uv": [4, 4.5, 0, 4], "texture": "#0"},
				"down": {"uv": [4, 0, 0, 1], "texture": "#0"}
			}
		},
		{
			"from": [9.5, 0, 5.2],
			"to": [10.9, 2.7, 6.4],
			"faces": {
				"north": {"uv": [4.25, 0, 8.25, 0.75], "texture": "#0"},
				"east": {"uv": [4.25, 1, 8.25, 1.75], "texture": "#0"},
				"south": {"uv": [0, 0, 4, 0.75], "texture": "#0"},
				"west": {"uv": [0, 0, 4, 0.75], "texture": "#0"},
				"up": {"uv": [4, 4.5, 0, 4], "texture": "#0"},
				"down": {"uv": [4, 0, 0, 1], "texture": "#0"}
			}
		},
		{
			"from": [10.3, 0, 6.4],
			"to": [10.9, 2.7, 9.7],
			"faces": {
				"north": {"uv": [4.25, 0, 8.25, 0.75], "texture": "#0"},
				"east": {"uv": [4.25, 1, 8.25, 1.75], "texture": "#0"},
				"south": {"uv": [4.25, 2, 8.25, 2.75], "texture": "#0"},
				"west": {"uv": [0, 0, 4, 0.75], "texture": "#0"},
				"up": {"uv": [4, 4.5, 0, 4], "texture": "#0"},
				"down": {"uv": [4, 0, 0, 0.5], "texture": "#0"}
			}
		},
		{
			"from": [5.4, 0, 6.4],
			"to": [6, 2.7, 9.7],
			"faces": {
				"north": {"uv": [4.25, 0, 8.25, 0.75], "texture": "#0"},
				"east": {"uv": [0, 0, 4, 0.75], "texture": "#0"},
				"south": {"uv": [4.25, 2, 8.25, 2.75], "texture": "#0"},
				"west": {"uv": [4.25, 3, 8.25, 3.75], "texture": "#0"},
				"up": {"uv": [4, 4.5, 0, 4], "texture": "#0"},
				"down": {"uv": [4, 0, 0, 0.5], "texture": "#0"}
			}
		},
		{
			"from": [6.8, 0, 5.2],
			"to": [9.5, 2.7, 5.8],
			"faces": {
				"north": {"uv": [4.25, 1, 8.25, 1.75], "texture": "#0"},
				"east": {"uv": [4.25, 2, 8.25, 2.75], "texture": "#0"},
				"south": {"uv": [0, 0, 4, 0.75], "texture": "#0"},
				"west": {"uv": [4.25, 0, 8.25, 0.75], "texture": "#0"},
				"up": {"uv": [4, 4.5, 0, 4], "rotation": 270, "texture": "#0"},
				"down": {"uv": [3.5, 0, 0, 1], "rotation": 90, "texture": "#0"}
			}
		},
		{
			"from": [6.8, 0, 10.3],
			"to": [9.5, 2.7, 10.9],
			"faces": {
				"north": {"uv": [0, 0, 4, 0.75], "texture": "#0"},
				"east": {"uv": [4.25, 2, 8.25, 2.75], "texture": "#0"},
				"south": {"uv": [4.25, 3, 8.25, 3.75], "texture": "#0"},
				"west": {"uv": [4.25, 0, 8.25, 0.75], "texture": "#0"},
				"up": {"uv": [4, 4.5, 0, 4], "rotation": 270, "texture": "#0"},
				"down": {"uv": [4, 0, 0, 0.5], "rotation": 90, "texture": "#0"}
			}
		},
		{
			"from": [9.5, 0, 9.7],
			"to": [10.9, 2.7, 10.9],
			"faces": {
				"north": {"uv": [0, 0, 4, 0.75], "texture": "#0"},
				"east": {"uv": [4.25, 1, 8.25, 1.75], "texture": "#0"},
				"south": {"uv": [4.25, 2, 8.25, 2.75], "texture": "#0"},
				"west": {"uv": [0, 0, 4, 0.75], "texture": "#0"},
				"up": {"uv": [4, 4.5, 0, 4], "texture": "#0"},
				"down": {"uv": [4, 0, 0, 0.5], "texture": "#0"}
			}
		},
		{
			"from": [5.4, 0, 9.7],
			"to": [6.8, 2.7, 10.9],
			"faces": {
				"north": {"uv": [0, 0, 4, 0.75], "texture": "#0"},
				"east": {"uv": [0, 0, 4, 0.75], "texture": "#0"},
				"south": {"uv": [4.25, 2, 8.25, 2.75], "texture": "#0"},
				"west": {"uv": [4.25, 3, 8.25, 3.75], "texture": "#0"},
				"up": {"uv": [4, 4.5, 0, 4], "texture": "#0"},
				"down": {"uv": [4, 0, 0, 0.5], "texture": "#0"}
			}
		},
		{
			"from": [5.4, 0, 5.2],
			"to": [6.8, 2.7, 6.4],
			"faces": {
				"north": {"uv": [4.25, 0, 8.25, 0.75], "texture": "#0"},
				"east": {"uv": [0, 0, 4, 0.75], "texture": "#0"},
				"south": {"uv": [0, 0, 4, 0.75], "texture": "#0"},
				"west": {"uv": [4.25, 3, 8.25, 3.75], "texture": "#0"},
				"up": {"uv": [4, 4.5, 0, 4], "texture": "#0"},
				"down": {"uv": [4, 0, 0, 1], "texture": "#0"}
			}
		},
		{
			"from": [3.4, 0, 4.2],
			"to": [4.2, 2.7, 12.1],
			"faces": {
				"north": {"uv": [4.75, 0, 8.25, 0.25], "texture": "#0"},
				"east": {"uv": [4.25, 0, 8.25, 0.75], "texture": "#0"},
				"south": {"uv": [0, 0, 4, 0.75], "texture": "#0"},
				"west": {"uv": [0, 0, 4, 0.75], "texture": "#0"},
				"up": {"uv": [4, 4.5, 0, 4], "rotation": 90, "texture": "#0"},
				"down": {"uv": [4, 0, 0, 1], "rotation": 270, "texture": "#0"}
			}
		},
		{
			"from": [12.1, 0, 4],
			"to": [12.9, 2.7, 12],
			"faces": {
				"north": {"uv": [0, 0, 4, 0.75], "texture": "#0"},
				"east": {"uv": [0, 0, 4, 0.75], "texture": "#0"},
				"south": {"uv": [0, 0, 4, 0.75], "texture": "#0"},
				"west": {"uv": [4.25, 0, 8.25, 0.75], "texture": "#0"},
				"up": {"uv": [4, 4.5, 0, 4], "rotation": 270, "texture": "#0"},
				"down": {"uv": [3.5, 0, 0, 1], "rotation": 90, "texture": "#0"}
			}
		}
	],
	"display": {
		"thirdperson_righthand": {
			"rotation": [90, 0, 0],
			"translation": [0, 2, 2.5],
			"scale": [0.47148, 0.47148, 0.47148]
		},
		"thirdperson_lefthand": {
			"scale": [0.2, 0.2, 0.2]
		},
		"firstperson_righthand": {
			"scale": [0.3, 0.3, 0.3]
		},
		"firstperson_lefthand": {
			"scale": [0.3, 0.3, 0.3]
		},
		"ground": {
			"translation": [0, 2, 0],
			"scale": [0.3, 0.3, 0.3]
		},
		"gui": {
			"rotation": [30, 148, 0],
			"translation": [0.25, -2, 0],
			"scale": [0.5, 0.5, 0.5]
		},
		"fixed": {
			"rotation": [-90, 0, 0],
			"translation": [0, 0, -16],
			"scale": [2, 2, 2]
		}
	}
}