{
	"credit": "Made with Blockbench",
	"textures": {
		"1": "furnitureengine:block/office_chair",
		"2": "furnitureengine:block/comp_screen",
		"3": "furnitureengine:block/red",
		"6": "furnitureengine:block/win10",
		"particle": "furnitureengine:block/stool"
	},
	"elements": [
		{
			"from": [5.6, 0, 8.45],
			"to": [10.7, 0.4, 9.95],
			"rotation": {"angle": 0, "axis": "y", "origin": [8.05, 6.225, 8.675]},
			"faces": {
				"north": {"uv": [5, 0, 11.5, 1.5], "texture": "#1"},
				"east": {"uv": [5, 0, 8.5, 1.5], "texture": "#1"},
				"south": {"uv": [5, 0, 11.5, 1.5], "texture": "#1"},
				"west": {"uv": [5, 0, 11.5, 1.5], "texture": "#1"},
				"up": {"uv": [5, 0, 11.5, 1.5], "rotation": 90, "texture": "#1"},
				"down": {"uv": [5, 0, 11.5, 1.5], "rotation": 270, "texture": "#1"}
			}
		},
		{
			"from": [0.2, 2.8, 7.85],
			"to": [15.9, 3.1, 8.45],
			"rotation": {"angle": 0, "axis": "y", "origin": [8.05, 6.225, 8.675]},
			"faces": {
				"north": {"uv": [5, 0, 11.5, 1.5], "texture": "#1"},
				"east": {"uv": [5, 0, 8.5, 1.5], "texture": "#1"},
				"south": {"uv": [5, 0, 11.5, 1.5], "texture": "#1"},
				"west": {"uv": [5, 0, 11.5, 1.5], "texture": "#1"},
				"up": {"uv": [5, 0, 11.5, 1.5], "rotation": 90, "texture": "#1"},
				"down": {"uv": [5, 0, 11.5, 1.5], "rotation": 270, "texture": "#1"}
			}
		},
		{
			"from": [14.4, 2.7, 8],
			"to": [14.8, 2.8, 8.3],
			"rotation": {"angle": 0, "axis": "y", "origin": [14.6, 2.75, 8.15]},
			"faces": {
				"north": {"uv": [0, 0, 1, 1], "texture": "#3"},
				"east": {"uv": [0, 2, 1, 3], "texture": "#3"},
				"south": {"uv": [2, 0, 3, 1], "texture": "#3"},
				"west": {"uv": [2, 2, 3, 3], "texture": "#3"},
				"up": {"uv": [1, 5, 0, 4], "texture": "#3"},
				"down": {"uv": [5, 0, 4, 1], "texture": "#3"}
			}
		},
		{
			"from": [0.5, 3, 8.05],
			"to": [15.6, 12.1, 8.75],
			"rotation": {"angle": 0, "axis": "y", "origin": [8.05, 6.225, 8.675]},
			"faces": {
				"north": {"uv": [0, 0, 16, 16], "texture": "#6"},
				"east": {"uv": [5.5, 5.5, 5.25, 7.375], "texture": "#2"},
				"south": {"uv": [0, 0, 4.25, 2.5], "texture": "#2"},
				"west": {"uv": [0, 0.125, 2.875, 2.375], "texture": "#2"},
				"up": {"uv": [4.25, 1.125, 0, 0.75], "rotation": 180, "texture": "#2"},
				"down": {"uv": [9.625, 1, 5.5, 1.25], "rotation": 180, "texture": "#2"}
			}
		},
		{
			"from": [0.2, 3.1, 7.85],
			"to": [0.5, 12.4, 8.45],
			"rotation": {"angle": 0, "axis": "y", "origin": [8.05, 6.225, 8.675]},
			"faces": {
				"north": {"uv": [5, 0, 11.5, 1.5], "rotation": 270, "texture": "#1"},
				"east": {"uv": [5, 0, 11.5, 1.5], "rotation": 180, "texture": "#1"},
				"south": {"uv": [5, 0, 11.5, 1.5], "rotation": 90, "texture": "#1"},
				"west": {"uv": [5, 0, 11.5, 1.5], "texture": "#1"},
				"up": {"uv": [5, 0, 11.5, 1.5], "rotation": 90, "texture": "#1"},
				"down": {"uv": [5, 0, 8.5, 1.5], "rotation": 90, "texture": "#1"}
			}
		},
		{
			"from": [15.6, 3.1, 7.85],
			"to": [15.9, 12.4, 8.45],
			"rotation": {"angle": 0, "axis": "y", "origin": [8.05, 6.225, 8.675]},
			"faces": {
				"north": {"uv": [5, 0, 11.5, 1.5], "rotation": 270, "texture": "#1"},
				"east": {"uv": [5, 0, 11.5, 1.5], "rotation": 180, "texture": "#1"},
				"south": {"uv": [5, 0, 11.5, 1.5], "rotation": 90, "texture": "#1"},
				"west": {"uv": [5, 0, 11.5, 1.5], "texture": "#1"},
				"up": {"uv": [5, 0, 11.5, 1.5], "rotation": 90, "texture": "#1"},
				"down": {"uv": [5, 0, 8.5, 1.5], "rotation": 90, "texture": "#1"}
			}
		},
		{
			"from": [0.5, 12.1, 7.85],
			"to": [15.6, 12.4, 8.45],
			"rotation": {"angle": 0, "axis": "y", "origin": [8.05, 6.225, 8.675]},
			"faces": {
				"north": {"uv": [5, 0, 11.5, 1.5], "texture": "#1"},
				"east": {"uv": [5, 0, 8.5, 1.5], "texture": "#1"},
				"south": {"uv": [5, 0, 11.5, 1.5], "texture": "#1"},
				"west": {"uv": [5, 0, 11.5, 1.5], "texture": "#1"},
				"up": {"uv": [5, 0, 11.5, 1.5], "rotation": 90, "texture": "#1"},
				"down": {"uv": [5, 0, 11.5, 1.5], "rotation": 270, "texture": "#1"}
			}
		},
		{
			"from": [7.5, 0.4, 8.85],
			"to": [8.4, 0.7, 9.55],
			"rotation": {"angle": 0, "axis": "y", "origin": [7.85, 6.225, 8.675]},
			"faces": {
				"north": {"uv": [5, 0, 11.5, 1.5], "rotation": 90, "texture": "#1"},
				"east": {"uv": [5, 0, 11.5, 1.5], "rotation": 180, "texture": "#1"},
				"south": {"uv": [5, 0, 11.5, 1.5], "rotation": 270, "texture": "#1"},
				"west": {"uv": [5, 0, 11.5, 1.5], "texture": "#1"},
				"up": {"uv": [5, 0, 8.5, 1.5], "rotation": 270, "texture": "#1"},
				"down": {"uv": [5, 0, 11.5, 1.5], "rotation": 270, "texture": "#1"}
			}
		},
		{
			"from": [7.6, -0.49082, 7.09615],
			"to": [8.3, 2.30918, 7.49615],
			"rotation": {"angle": -22.5, "axis": "x", "origin": [8.05, 5.025, 5.675]},
			"faces": {
				"north": {"uv": [5, 0, 11.5, 1.5], "rotation": 270, "texture": "#1"},
				"east": {"uv": [5, 0, 11.5, 1.5], "texture": "#1"},
				"south": {"uv": [5, 0, 11.5, 1.5], "rotation": 90, "texture": "#1"},
				"west": {"uv": [5, 0, 11.5, 1.5], "rotation": 180, "texture": "#1"},
				"up": {"uv": [5, 0, 8.5, 1.5], "rotation": 90, "texture": "#1"},
				"down": {"uv": [5, 0, 11.5, 1.5], "rotation": 90, "texture": "#1"}
			}
		}
	],
	"display": {
		"thirdperson_righthand": {
			"rotation": [-136.4, 0.71, -179.5],
			"translation": [-6, 2.75, 2.5],
			"scale": [0.94023, 0.94023, 0.94023]
		},
		"thirdperson_lefthand": {
			"scale": [0.2, 0.2, 0.2]
		},
		"firstperson_righthand": {
			"scale": [0.3, 0.3, 0.3]
		},
		"firstperson_lefthand": {
			"scale": [0.3, 0.3, 0.3]
		},
		"ground": {
			"translation": [0, 2, 0],
			"scale": [0.3, 0.3, 0.3]
		},
		"gui": {
			"rotation": [30, 148, 0],
			"translation": [0.25, -2, 0],
			"scale": [0.5, 0.5, 0.5]
		},
		"fixed": {
			"rotation": [-90, 0, 0],
			"translation": [0, 0, -16],
			"scale": [2, 2, 2]
		}
	}
}