{
	"credit": "Made with Blockbench",
	"textures": {
		"0": "furnitureengine:block/stool",
		"1": "furnitureengine:block/office_chair",
		"particle": "furnitureengine:block/stool"
	},
	"elements": [
		{
			"from": [2, 8, 2],
			"to": [14, 11, 14],
			"faces": {
				"north": {"uv": [4, 3, 7, 3.75], "texture": "#0", "tintindex": 0},
				"east": {"uv": [4.5, 3, 7.5, 3.75], "texture": "#0", "tintindex": 0},
				"south": {"uv": [4.75, 3, 7.75, 3.75], "texture": "#0", "tintindex": 0},
				"west": {"uv": [5, 3, 8, 3.75], "texture": "#0", "tintindex": 0},
				"up": {"uv": [0.5, 0.5, 3.5, 3.5], "texture": "#0", "tintindex": 0},
				"down": {"uv": [0.5, 4.5, 3.5, 7.5], "texture": "#0", "tintindex": 0}
			}
		},
		{
			"from": [12.9, 13.1, 3],
			"to": [14.9, 13.6, 11.2],
			"faces": {
				"north": {"uv": [4, 3, 7, 3.75], "texture": "#0", "tintindex": 0},
				"east": {"uv": [4.5, 3, 7.5, 3.75], "texture": "#0", "tintindex": 0},
				"south": {"uv": [4.75, 3, 7.75, 3.75], "texture": "#0", "tintindex": 0},
				"west": {"uv": [5, 3, 8, 3.75], "texture": "#0", "tintindex": 0},
				"up": {"uv": [0.5, 0.5, 3.5, 3.5], "texture": "#0", "tintindex": 0},
				"down": {"uv": [0.5, 4.5, 3.5, 7.5], "texture": "#0", "tintindex": 0}
			}
		},
		{
			"from": [3, 13, 13],
			"to": [13, 20, 16],
			"faces": {
				"north": {"uv": [0.75, 2, 3.25, 3.75], "texture": "#0", "tintindex": 0},
				"east": {"uv": [1.25, 1.75, 2, 3.75], "texture": "#0", "tintindex": 0},
				"south": {"uv": [0.75, 2, 3.25, 3.75], "texture": "#0", "tintindex": 0},
				"west": {"uv": [2.25, 1.75, 3, 3.75], "texture": "#0", "tintindex": 0},
				"up": {"uv": [0.75, 0.5, 3.25, 1.25], "texture": "#0", "tintindex": 0},
				"down": {"uv": [0.75, 6.75, 3.25, 7.5], "texture": "#0", "tintindex": 0}
			}
		},
		{
			"from": [4, 20, 13],
			"to": [12, 21, 16],
			"faces": {
				"north": {"uv": [0, 3.75, 2, 4], "texture": "#0", "tintindex": 0},
				"east": {"uv": [2, 3.75, 2.75, 4], "texture": "#0", "tintindex": 0},
				"south": {"uv": [0, 3.75, 2, 4], "texture": "#0", "tintindex": 0},
				"west": {"uv": [2.75, 3.75, 3.5, 4], "texture": "#0", "tintindex": 0},
				"up": {"uv": [0.75, 2, 2.75, 2.75], "texture": "#0", "tintindex": 0},
				"down": {"uv": [0.75, 6.75, 3.25, 7.5], "texture": "#0", "tintindex": 0}
			}
		},
		{
			"from": [2, 0, 7],
			"to": [4, 2, 9],
			"faces": {
				"north": {"uv": [0, 0, 1, 1], "texture": "#1"},
				"east": {"uv": [0, 0, 1, 1], "texture": "#1"},
				"south": {"uv": [0, 0, 1, 1], "texture": "#1"},
				"west": {"uv": [0, 0, 1, 1], "texture": "#1"},
				"up": {"uv": [0, 0, 1, 1], "texture": "#1"},
				"down": {"uv": [0, 0, 1, 1], "texture": "#1"}
			}
		},
		{
			"from": [7, 0, 12],
			"to": [9, 2, 14],
			"faces": {
				"north": {"uv": [0, 0, 1, 1], "texture": "#1"},
				"east": {"uv": [0, 0, 1, 1], "texture": "#1"},
				"south": {"uv": [0, 0, 1, 1], "texture": "#1"},
				"west": {"uv": [0, 0, 1, 1], "texture": "#1"},
				"up": {"uv": [0, 0, 1, 1], "texture": "#1"},
				"down": {"uv": [0, 0, 1, 1], "texture": "#1"}
			}
		},
		{
			"from": [7, 0, 2],
			"to": [9, 2, 4],
			"faces": {
				"north": {"uv": [0, 0, 1, 1], "texture": "#1"},
				"east": {"uv": [0, 0, 1, 1], "texture": "#1"},
				"south": {"uv": [0, 0, 1, 1], "texture": "#1"},
				"west": {"uv": [0, 0, 1, 1], "texture": "#1"},
				"up": {"uv": [0, 0, 1, 1], "texture": "#1"},
				"down": {"uv": [0, 0, 1, 1], "texture": "#1"}
			}
		},
		{
			"from": [12, 0, 7],
			"to": [14, 2, 9],
			"faces": {
				"north": {"uv": [0, 0, 1, 1], "texture": "#1"},
				"east": {"uv": [0, 0, 1, 1], "texture": "#1"},
				"south": {"uv": [0, 0, 1, 1], "texture": "#1"},
				"west": {"uv": [0, 0, 1, 1], "texture": "#1"},
				"up": {"uv": [0, 0, 1, 1], "texture": "#1"},
				"down": {"uv": [0, 0, 1, 1], "texture": "#1"}
			}
		},
		{
			"from": [7, 2, 2],
			"to": [9, 3, 14],
			"faces": {
				"north": {"uv": [5, 0, 8.5, 1.5], "texture": "#1"},
				"east": {"uv": [5, 0, 11.5, 1.5], "texture": "#1"},
				"south": {"uv": [5, 0, 11.5, 1.5], "texture": "#1"},
				"west": {"uv": [5, 0, 11.5, 1.5], "texture": "#1"},
				"up": {"uv": [5, 0, 11.5, 1.5], "texture": "#1"},
				"down": {"uv": [5, 0, 11.5, 1.5], "texture": "#1"}
			}
		},
		{
			"from": [2, 2, 7],
			"to": [7, 3, 9],
			"faces": {
				"north": {"uv": [5, 0, 11.5, 1.5], "texture": "#1"},
				"east": {"uv": [5, 0, 11.5, 1.5], "texture": "#1"},
				"south": {"uv": [5, 0, 11.5, 1.5], "texture": "#1"},
				"west": {"uv": [5, 0, 11.5, 1.5], "texture": "#1"},
				"up": {"uv": [5, 0, 11.5, 1.5], "texture": "#1"},
				"down": {"uv": [5, 0, 11.5, 1.5], "texture": "#1"}
			}
		},
		{
			"from": [7, 3, 7],
			"to": [9, 9, 9],
			"faces": {
				"north": {"uv": [5, 0, 8.5, 3.5], "texture": "#1"},
				"east": {"uv": [5, 0, 11.5, 1.5], "texture": "#1"},
				"south": {"uv": [5, 0, 11.5, 1.5], "texture": "#1"},
				"west": {"uv": [5, 0, 11.5, 1.5], "texture": "#1"},
				"up": {"uv": [5, 0, 11.5, 1.5], "texture": "#1"},
				"down": {"uv": [5, 0, 11.5, 1.5], "texture": "#1"}
			}
		},
		{
			"from": [7, 9, 14],
			"to": [9, 15, 15],
			"faces": {
				"north": {"uv": [5, 0, 8.5, 3.5], "texture": "#1"},
				"east": {"uv": [5, 0, 11.5, 1.5], "texture": "#1"},
				"south": {"uv": [5, 0, 11.5, 1.5], "texture": "#1"},
				"west": {"uv": [5, 0, 11.5, 1.5], "texture": "#1"},
				"up": {"uv": [5, 0, 11.5, 1.5], "texture": "#1"},
				"down": {"uv": [5, 0, 11.5, 1.5], "texture": "#1"}
			}
		},
		{
			"from": [13.4, 11, 6.8],
			"to": [14, 13, 7.6],
			"faces": {
				"north": {"uv": [5, 0, 11.5, 1.5], "rotation": 270, "texture": "#1"},
				"east": {"uv": [5, 0, 8.5, 3.5], "rotation": 90, "texture": "#1"},
				"south": {"uv": [5, 0, 11.5, 1.5], "rotation": 270, "texture": "#1"},
				"west": {"uv": [5, 0, 11.5, 1.5], "rotation": 270, "texture": "#1"},
				"up": {"uv": [5, 0, 11.5, 1.5], "texture": "#0"},
				"down": {"uv": [5, 0, 11.5, 1.5], "rotation": 180, "texture": "#1"}
			}
		},
		{
			"from": [1.9, 11, 6.8],
			"to": [2.5, 13, 7.6],
			"faces": {
				"north": {"uv": [5, 0, 11.5, 1.5], "rotation": 270, "texture": "#1"},
				"east": {"uv": [5, 0, 8.5, 3.5], "rotation": 90, "texture": "#1"},
				"south": {"uv": [5, 0, 11.5, 1.5], "rotation": 270, "texture": "#1"},
				"west": {"uv": [5, 0, 11.5, 1.5], "rotation": 270, "texture": "#1"},
				"up": {"uv": [5, 0, 11.5, 1.5], "texture": "#0"},
				"down": {"uv": [5, 0, 11.5, 1.5], "rotation": 180, "texture": "#1"}
			}
		},
		{
			"from": [1.4, 13.1, 3],
			"to": [3.4, 13.6, 11.2],
			"faces": {
				"north": {"uv": [4, 3, 7, 3.75], "texture": "#0", "tintindex": 0},
				"east": {"uv": [4.5, 3, 7.5, 3.75], "texture": "#0", "tintindex": 0},
				"south": {"uv": [4.75, 3, 7.75, 3.75], "texture": "#0", "tintindex": 0},
				"west": {"uv": [5, 3, 8, 3.75], "texture": "#0", "tintindex": 0},
				"up": {"uv": [0.5, 0.5, 3.5, 3.5], "texture": "#0", "tintindex": 0},
				"down": {"uv": [0.5, 4.5, 3.5, 7.5], "texture": "#0", "tintindex": 0}
			}
		},
		{
			"from": [9, 2, 7],
			"to": [14, 3, 9],
			"faces": {
				"north": {"uv": [5, 0, 11.5, 1.5], "texture": "#1"},
				"east": {"uv": [5, 0, 11.5, 1.5], "texture": "#1"},
				"south": {"uv": [5, 0, 11.5, 1.5], "texture": "#1"},
				"west": {"uv": [5, 0, 11.5, 1.5], "texture": "#1"},
				"up": {"uv": [5, 0, 11.5, 1.5], "texture": "#1"},
				"down": {"uv": [5, 0, 11.5, 1.5], "texture": "#1"}
			}
		}
	],
	"display": {
		"thirdperson_righthand": {
			"rotation": [76.5, 0, 0],
			"translation": [-6, 1, -5.5],
			"scale": [0.81719, 0.81719, 0.81719]
		},
		"thirdperson_lefthand": {
			"scale": [0.2, 0.2, 0.2]
		},
		"firstperson_righthand": {
			"scale": [0.3, 0.3, 0.3]
		},
		"firstperson_lefthand": {
			"scale": [0.3, 0.3, 0.3]
		},
		"ground": {
			"translation": [0, 2, 0],
			"scale": [0.3, 0.3, 0.3]
		},
		"gui": {
			"rotation": [30, 148, 0],
			"translation": [0.25, -2, 0],
			"scale": [0.5, 0.5, 0.5]
		},
		"fixed": {
			"rotation": [-90, 0, 0],
			"translation": [0, 0, -16],
			"scale": [2, 2, 2]
		}
	}
}