{
	"credit": "Made with Blockbench",
	"textures": {
		"1": "furnitureengine:block/office_chair",
		"2": "furnitureengine:block/comp_screen",
		"3": "furnitureengine:block/red",
		"6": "furnitureengine:block/win10",
		"7": "furnitureengine:block/laptop_base",
		"8": "furnitureengine:block/coffee_table",
		"9": "furnitureengine:block/motherboard",
		"particle": "furnitureengine:block/stool"
	},
	"elements": [
		{
			"from": [5.4, 0, 12],
			"to": [10.5, 0.4, 13.5],
			"rotation": {"angle": 0, "axis": "y", "origin": [7.95, 0.375, 12.75]},
			"faces": {
				"north": {"uv": [5, 0, 11.5, 1.5], "texture": "#1"},
				"east": {"uv": [5, 0, 8.5, 1.5], "texture": "#1"},
				"south": {"uv": [5, 0, 11.5, 1.5], "texture": "#1"},
				"west": {"uv": [5, 0, 11.5, 1.5], "texture": "#1"},
				"up": {"uv": [5, 0, 11.5, 1.5], "rotation": 90, "texture": "#1"},
				"down": {"uv": [5, 0, 11.5, 1.5], "rotation": 270, "texture": "#1"}
			}
		},
		{
			"from": [0.2, 2.8, 11.5],
			"to": [15.9, 3.1, 12.1],
			"rotation": {"angle": 0, "axis": "y", "origin": [8.05, 7.6, 11.8]},
			"faces": {
				"north": {"uv": [5, 0, 11.5, 1.5], "texture": "#1"},
				"east": {"uv": [5, 0, 8.5, 1.5], "texture": "#1"},
				"south": {"uv": [5, 0, 11.5, 1.5], "texture": "#1"},
				"west": {"uv": [5, 0, 11.5, 1.5], "texture": "#1"},
				"up": {"uv": [5, 0, 11.5, 1.5], "rotation": 90, "texture": "#1"},
				"down": {"uv": [5, 0, 11.5, 1.5], "rotation": 270, "texture": "#1"}
			}
		},
		{
			"from": [14.4, 2.7, 11.6],
			"to": [14.8, 2.8, 11.9],
			"rotation": {"angle": 0, "axis": "y", "origin": [-3, 0.1, 2.4]},
			"faces": {
				"north": {"uv": [0, 0, 1, 1], "texture": "#3"},
				"east": {"uv": [0, 2, 1, 3], "texture": "#3"},
				"south": {"uv": [2, 0, 3, 1], "texture": "#3"},
				"west": {"uv": [2, 2, 3, 3], "texture": "#3"},
				"up": {"uv": [1, 5, 0, 4], "texture": "#3"},
				"down": {"uv": [5, 0, 4, 1], "texture": "#3"}
			}
		},
		{
			"from": [20.7, 14, 6.65],
			"to": [21.1, 14.1, 6.95],
			"rotation": {"angle": 0, "axis": "y", "origin": [24.05, 7.2, 9.875]},
			"faces": {
				"north": {"uv": [2, 0, 3, 1], "texture": "#3"},
				"east": {"uv": [2, 2, 3, 3], "texture": "#3"},
				"south": {"uv": [0, 0, 1, 1], "texture": "#3"},
				"west": {"uv": [0, 2, 1, 3], "texture": "#3"},
				"up": {"uv": [5, 1, 4, 0], "rotation": 180, "texture": "#3"},
				"down": {"uv": [5, 0, 4, 1], "rotation": 180, "texture": "#3"}
			}
		},
		{
			"from": [0.5, 3, 11.6],
			"to": [15.6, 12.1, 12.3],
			"rotation": {"angle": 0, "axis": "y", "origin": [8.05, 7.55, 11.95]},
			"faces": {
				"north": {"uv": [0, 0, 16, 16], "texture": "#6"},
				"east": {"uv": [5.5, 5.5, 5.25, 7.375], "texture": "#2"},
				"south": {"uv": [0, 0, 4.25, 2.5], "texture": "#2"},
				"west": {"uv": [0, 0.125, 2.875, 2.375], "texture": "#2"},
				"up": {"uv": [4.25, 1.375, 0, 1], "rotation": 180, "texture": "#2"},
				"down": {"uv": [9.625, 1, 5.5, 1.25], "rotation": 180, "texture": "#2"}
			}
		},
		{
			"from": [0.2, 3.1, 11.5],
			"to": [0.5, 12.4, 12.1],
			"rotation": {"angle": 0, "axis": "y", "origin": [8.05, 7.6, 11.8]},
			"faces": {
				"north": {"uv": [5, 0, 11.5, 1.5], "rotation": 270, "texture": "#1"},
				"east": {"uv": [5, 0, 11.5, 1.5], "rotation": 180, "texture": "#1"},
				"south": {"uv": [5, 0, 11.5, 1.5], "rotation": 90, "texture": "#1"},
				"west": {"uv": [5, 0, 11.5, 1.5], "texture": "#1"},
				"up": {"uv": [5, 0, 11.5, 1.5], "rotation": 90, "texture": "#1"},
				"down": {"uv": [5, 0, 8.5, 1.5], "rotation": 90, "texture": "#1"}
			}
		},
		{
			"from": [15.6, 3.1, 11.5],
			"to": [15.9, 12.4, 12.1],
			"rotation": {"angle": 0, "axis": "y", "origin": [8.05, 7.6, 11.8]},
			"faces": {
				"north": {"uv": [5, 0, 11.5, 1.5], "rotation": 270, "texture": "#1"},
				"east": {"uv": [5, 0, 11.5, 1.5], "rotation": 180, "texture": "#1"},
				"south": {"uv": [5, 0, 11.5, 1.5], "rotation": 90, "texture": "#1"},
				"west": {"uv": [5, 0, 11.5, 1.5], "texture": "#1"},
				"up": {"uv": [5, 0, 11.5, 1.5], "rotation": 90, "texture": "#1"},
				"down": {"uv": [5, 0, 8.5, 1.5], "rotation": 90, "texture": "#1"}
			}
		},
		{
			"from": [0.5, 12.1, 11.5],
			"to": [15.6, 12.4, 12.1],
			"rotation": {"angle": 0, "axis": "y", "origin": [8.05, 7.6, 11.8]},
			"faces": {
				"north": {"uv": [5, 0, 11.5, 1.5], "texture": "#1"},
				"east": {"uv": [5, 0, 8.5, 1.5], "texture": "#1"},
				"south": {"uv": [5, 0, 11.5, 1.5], "texture": "#1"},
				"west": {"uv": [5, 0, 11.5, 1.5], "texture": "#1"},
				"up": {"uv": [5, 0, 11.5, 1.5], "rotation": 90, "texture": "#1"},
				"down": {"uv": [5, 0, 11.5, 1.5], "rotation": 270, "texture": "#1"}
			}
		},
		{
			"from": [7.5, 0.4, 12.4],
			"to": [8.4, 0.7, 13.1],
			"rotation": {"angle": 0, "axis": "y", "origin": [7.95, 0.375, 12.75]},
			"faces": {
				"north": {"uv": [5, 0, 11.5, 1.5], "rotation": 90, "texture": "#1"},
				"east": {"uv": [5, 0, 11.5, 1.5], "rotation": 180, "texture": "#1"},
				"south": {"uv": [5, 0, 11.5, 1.5], "rotation": 270, "texture": "#1"},
				"west": {"uv": [5, 0, 11.5, 1.5], "texture": "#1"},
				"up": {"uv": [5, 0, 8.5, 1.5], "rotation": 270, "texture": "#1"},
				"down": {"uv": [5, 0, 11.5, 1.5], "rotation": 270, "texture": "#1"}
			}
		},
		{
			"from": [7.6, 0.40209, 12.09769],
			"to": [8.3, 3.20209, 12.49769],
			"rotation": {"angle": -22.5, "axis": "x", "origin": [7.95, 1.80209, 12.29769]},
			"faces": {
				"north": {"uv": [5, 0, 11.5, 1.5], "rotation": 90, "texture": "#1"},
				"east": {"uv": [5, 0, 11.5, 1.5], "rotation": 180, "texture": "#1"},
				"south": {"uv": [5, 0, 11.5, 1.5], "rotation": 270, "texture": "#1"},
				"west": {"uv": [5, 0, 11.5, 1.5], "texture": "#1"},
				"up": {"uv": [5, 0, 8.5, 1.5], "rotation": 270, "texture": "#1"},
				"down": {"uv": [5, 0, 11.5, 1.5], "rotation": 270, "texture": "#1"}
			}
		},
		{
			"from": [0.5, 0, 0.5],
			"to": [15.5, 0.5, 8.8],
			"rotation": {"angle": 0, "axis": "y", "origin": [8, 0.25, 4.65]},
			"faces": {
				"north": {"uv": [8, 1.5, 9.5, 2.5], "texture": "#1"},
				"east": {"uv": [7, 0.5, 9.8, 2.5], "texture": "#1"},
				"south": {"uv": [7.5, 1, 9.5, 2.5], "texture": "#1"},
				"west": {"uv": [8, 1, 9.8, 2], "texture": "#1"},
				"up": {"uv": [0, 0, 6, 3.925], "rotation": 180, "texture": "#7"},
				"down": {"uv": [5.5, 0, 10.5, 3.425], "rotation": 180, "texture": "#1"}
			}
		},
		{
			"from": [27.1, 0, 6.15],
			"to": [27.8, 13.3, 13.95],
			"rotation": {"angle": 0, "axis": "y", "origin": [24.05, 7.2, 9.875]},
			"faces": {
				"north": {"uv": [7, 0, 8.7, 2.8], "texture": "#1"},
				"east": {"uv": [5, 0, 10.3, 3.3], "texture": "#1"},
				"south": {"uv": [6, 0, 9.7, 2.3], "texture": "#1"},
				"west": {"uv": [7, 0, 9.8, 2.3], "texture": "#1"},
				"up": {"uv": [6.5, 0, 9.2, 1.8], "rotation": 180, "texture": "#missing"},
				"down": {"uv": [7, 0, 9.2, 2.3], "rotation": 180, "texture": "#1"}
			}
		},
		{
			"from": [20.3, 0, 6.15],
			"to": [21, 13.3, 13.95],
			"rotation": {"angle": 0, "axis": "y", "origin": [24.05, 7.2, 9.875]},
			"faces": {
				"north": {"uv": [7, 0, 10.2, 2.8], "texture": "#1"},
				"east": {"uv": [7, 1, 9.8, 3.3], "texture": "#1"},
				"south": {"uv": [7.5, 1, 9.7, 3.3], "texture": "#1"},
				"west": {"uv": [6.5, 1, 9.8, 3.3], "texture": "#1"},
				"up": {"uv": [7, 0, 9.7, 2.8], "rotation": 180, "texture": "#missing"},
				"down": {"uv": [7, 0, 10.2, 3.8], "rotation": 180, "texture": "#1"}
			}
		},
		{
			"from": [20.3, 13.3, 6.15],
			"to": [27.8, 14, 13.95],
			"rotation": {"angle": 0, "axis": "y", "origin": [24.05, 7.2, 9.875]},
			"faces": {
				"north": {"uv": [7.5, 0.5, 10.7, 2.5], "rotation": 270, "texture": "#1"},
				"east": {"uv": [7.5, 0, 9.2, 1.8], "rotation": 270, "texture": "#1"},
				"south": {"uv": [6.5, 0, 8.7, 2], "rotation": 90, "texture": "#1"},
				"west": {"uv": [7, 0, 9.2, 2.3], "rotation": 270, "texture": "#1"},
				"up": {"uv": [7, 0, 10.3, 4], "rotation": 90, "texture": "#1"},
				"down": {"uv": [8, 0.5, 10.3, 3], "rotation": 90, "texture": "#1"}
			}
		},
		{
			"from": [21, 0, 6.15],
			"to": [27.1, 0.7, 13.95],
			"rotation": {"angle": 0, "axis": "y", "origin": [24.05, 7.2, 9.875]},
			"faces": {
				"north": {"uv": [7, 0.5, 8.7, 3.1], "rotation": 270, "texture": "#1"},
				"east": {"uv": [0, 0, 0.7, 7.8], "rotation": 270, "texture": "#missing"},
				"south": {"uv": [7.5, 1.5, 10.2, 3.1], "rotation": 90, "texture": "#1"},
				"west": {"uv": [0, 0, 0.7, 7.8], "rotation": 270, "texture": "#missing"},
				"up": {"uv": [6.5, 1, 9.8, 3.6], "rotation": 90, "texture": "#1"},
				"down": {"uv": [7.5, 1, 10.8, 3.1], "rotation": 90, "texture": "#1"}
			}
		},
		{
			"from": [21, 0.7, 13.25],
			"to": [27.1, 13.4, 13.95],
			"rotation": {"angle": 0, "axis": "y", "origin": [24.05, 7.2, 9.875]},
			"faces": {
				"north": {"uv": [5.5, 1, 10.2, 3.1], "rotation": 270, "texture": "#1"},
				"east": {"uv": [0, 0, 0.7, 12.7], "rotation": 180, "texture": "#missing"},
				"south": {"uv": [6.5, 0.5, 8.7, 2.1], "rotation": 90, "texture": "#1"},
				"west": {"uv": [0, 0, 0.7, 12.7], "texture": "#missing"},
				"up": {"uv": [0, 0, 0.7, 6.1], "rotation": 90, "texture": "#missing"},
				"down": {"uv": [0, 0, 0.7, 6.1], "rotation": 90, "texture": "#missing"}
			}
		},
		{
			"from": [21, 0.7, 8.95],
			"to": [27.1, 13.4, 9.65],
			"rotation": {"angle": 0, "axis": "y", "origin": [24.05, 7.2, 9.875]},
			"faces": {
				"north": {"uv": [1.45668, 1.89434, 11.01489, 9.46013], "texture": "#9"},
				"east": {"uv": [0, 0, 0.7, 12.7], "rotation": 180, "texture": "#missing"},
				"south": {"uv": [6.5, 0.5, 8.7, 2.1], "rotation": 90, "texture": "#1"},
				"west": {"uv": [0, 0, 0.7, 12.7], "texture": "#missing"},
				"up": {"uv": [0, 0, 0.7, 6.1], "rotation": 90, "texture": "#missing"},
				"down": {"uv": [0, 0, 0.7, 6.1], "rotation": 90, "texture": "#missing"}
			}
		},
		{
			"from": [21, 0.7, 6.15],
			"to": [27.1, 13.4, 6.15],
			"rotation": {"angle": 0, "axis": "y", "origin": [24.05, 7.2, 9.875]},
			"faces": {
				"north": {"uv": [1.5, 9.5, 14.25, 14.225], "rotation": 270, "texture": "#8"},
				"east": {"uv": [0, 0, 0, 12.7], "rotation": 180, "texture": "#missing"},
				"south": {"uv": [0, 0, 12.7, 6.1], "rotation": 90, "texture": "#missing"},
				"west": {"uv": [0, 0, 0, 12.7], "texture": "#missing"},
				"up": {"uv": [0, 0, 0, 6.1], "rotation": 90, "texture": "#missing"},
				"down": {"uv": [0, 0, 0, 6.1], "rotation": 90, "texture": "#missing"}
			}
		}
	],
	"display": {
		"thirdperson_righthand": {
			"rotation": [90, 0, 0],
			"translation": [-7.5, -1.25, -0.75],
			"scale": [0.27617, 0.27617, 0.27617]
		},
		"thirdperson_lefthand": {
			"scale": [0.2, 0.2, 0.2]
		},
		"firstperson_righthand": {
			"scale": [0.3, 0.3, 0.3]
		},
		"firstperson_lefthand": {
			"scale": [0.3, 0.3, 0.3]
		},
		"ground": {
			"translation": [0, 2, 0],
			"scale": [0.3, 0.3, 0.3]
		},
		"gui": {
			"rotation": [30, 148, 0],
			"translation": [0.25, -2, 0],
			"scale": [0.5, 0.5, 0.5]
		},
		"fixed": {
			"rotation": [-90, 0, 0],
			"translation": [0, 0, -16],
			"scale": [2, 2, 2]
		}
	}
}