{
	"credit": "Made with Blockbench",
	"ambientocclusion": false,
	"textures": {
		"0": "furnitureengine:block/Dominos_Thumbnail_V2_375x667px",
		"particle": "furnitureengine:block/Dominos_Thumbnail_V2_375x667px"
	},
	"elements": [
		{
			"from": [0, 0, 15.9],
			"to": [16, 25.4, 15.9],
			"faces": {
				"north": {"uv": [0, 0, 16, 16], "texture": "#0", "tintindex": 0},
				"east": {"uv": [4.5, 1, 5.125, 2.5625], "texture": "#missing", "tintindex": 0},
				"south": {"uv": [0, 2, 4.1875, 3.5625], "texture": "#missing", "tintindex": 0},
				"west": {"uv": [4.5, 3, 5.125, 4.5625], "texture": "#missing", "tintindex": 0},
				"up": {"uv": [4.1875, 4.625, 0, 4], "texture": "#missing", "tintindex": 0},
				"down": {"uv": [8.6875, 0, 4.5, 0.625], "texture": "#missing", "tintindex": 0}
			}
		}
	],
	"display": {
		"thirdperson_righthand": {
			"rotation": [84.25, 0, 0],
			"translation": [-6, 2, -3.75],
			"scale": [0.48711, 0.44219, 0.34063]
		},
		"thirdperson_lefthand": {
			"scale": [0.2, 0.2, 0.2]
		},
		"firstperson_righthand": {
			"scale": [0.3, 0.3, 0.3]
		},
		"firstperson_lefthand": {
			"scale": [0.3, 0.3, 0.3]
		},
		"ground": {
			"translation": [0, 2, 0],
			"scale": [0.3, 0.3, 0.3]
		},
		"gui": {
			"rotation": [30, 148, 0],
			"translation": [0.25, 0.5, 0],
			"scale": [0.5, 0.5, 0.5]
		},
		"fixed": {
			"rotation": [-90, 0, 0],
			"translation": [0, 0, -16],
			"scale": [2, 2, 2]
		}
	}
}