{
	"credit": "Made with Blockbench",
	"textures": {
		"0": "furnitureengine:block/stool",
		"1": "furnitureengine:block/coffee_table",
		"particle": "furnitureengine:block/stool"
	},
	"elements": [
		{
			"from": [-0.2, 0, 0],
			"to": [16, 16.1, 16],
			"faces": {
				"north": {"uv": [0.5, 0.5, 3.5, 3.5], "rotation": 90, "texture": "#0"},
				"east": {"uv": [0.75, 0.75, 3.25, 3.25], "rotation": 90, "texture": "#0"},
				"south": {"uv": [0.75, 0.75, 3, 3.25], "rotation": 90, "texture": "#0"},
				"west": {"uv": [0.5, 0.5, 3.5, 3.5], "rotation": 270, "texture": "#0"},
				"up": {"uv": [1, 0.75, 3, 3.25], "texture": "#0"},
				"down": {"uv": [0.5, 0.5, 3.25, 3.5], "rotation": 180, "texture": "#0"}
			}
		},
		{
			"from": [16, 5.3, 4.7],
			"to": [16.6, 6.7, 11.4],
			"faces": {
				"north": {"uv": [0.5, 0.5, 3.5, 3.5], "rotation": 90, "texture": "#0"},
				"east": {"uv": [0.75, 0.75, 3.25, 3.25], "rotation": 90, "texture": "#0"},
				"south": {"uv": [0.75, 0.75, 3, 3.25], "rotation": 90, "texture": "#0"},
				"west": {"uv": [0.5, 0.5, 3.5, 3.5], "rotation": 270, "texture": "#0"},
				"up": {"uv": [1, 0.75, 3, 3.25], "texture": "#0"},
				"down": {"uv": [0.5, 0.5, 3.25, 3.5], "rotation": 180, "texture": "#0"}
			}
		},
		{
			"from": [16, 7.8, 4.7],
			"to": [16.1, 8.3, 11.4],
			"faces": {
				"north": {"uv": [0.5, 0.5, 3.5, 3.5], "rotation": 90, "texture": "#1"},
				"east": {"uv": [2.75, 3.25, 6.25, 4.25], "rotation": 90, "texture": "#1"},
				"south": {"uv": [0.75, 0.75, 3, 3.25], "rotation": 90, "texture": "#1"},
				"west": {"uv": [0.5, 0.5, 3.5, 3.5], "rotation": 270, "texture": "#0"},
				"up": {"uv": [1, 0.75, 3, 3.25], "texture": "#1"},
				"down": {"uv": [0.5, 0.5, 3.25, 3.5], "rotation": 180, "texture": "#1"}
			}
		},
		{
			"from": [16, 10.3, 4.7],
			"to": [16.1, 10.8, 11.4],
			"faces": {
				"north": {"uv": [0.5, 0.5, 3.5, 3.5], "rotation": 90, "texture": "#1"},
				"east": {"uv": [0.75, 0.75, 3.25, 3.25], "rotation": 90, "texture": "#1"},
				"south": {"uv": [0.75, 0.75, 3, 3.25], "rotation": 90, "texture": "#1"},
				"west": {"uv": [0.5, 0.5, 3.5, 3.5], "rotation": 270, "texture": "#0"},
				"up": {"uv": [1, 0.75, 3, 3.25], "texture": "#1"},
				"down": {"uv": [0.5, 0.5, 3.25, 3.5], "rotation": 180, "texture": "#1"}
			}
		},
		{
			"from": [16, 8.3, 10.7],
			"to": [16.1, 10.3, 11.4],
			"faces": {
				"north": {"uv": [0.5, 0.5, 3.25, 3.5], "texture": "#1"},
				"east": {"uv": [0.75, 0.75, 3.25, 3.25], "texture": "#1"},
				"south": {"uv": [1, 0.75, 3, 3.25], "texture": "#1"},
				"west": {"uv": [0.5, 0.5, 3.5, 3.5], "texture": "#0"},
				"up": {"uv": [0.5, 0.5, 3.5, 3.5], "rotation": 270, "texture": "#0"},
				"down": {"uv": [0.75, 0.75, 3, 3.25], "rotation": 90, "texture": "#0"}
			}
		},
		{
			"from": [16, 8.3, 4.7],
			"to": [16.1, 10.3, 5.4],
			"faces": {
				"north": {"uv": [0.5, 0.5, 3.25, 3.5], "texture": "#1"},
				"east": {"uv": [0.75, 0.75, 3.25, 3.25], "texture": "#1"},
				"south": {"uv": [1, 0.75, 3, 3.25], "texture": "#1"},
				"west": {"uv": [0.5, 0.5, 3.5, 3.5], "texture": "#0"},
				"up": {"uv": [0.5, 0.5, 3.5, 3.5], "rotation": 270, "texture": "#0"},
				"down": {"uv": [0.75, 0.75, 3, 3.25], "rotation": 90, "texture": "#0"}
			}
		}
	],
	"display": {
		"thirdperson_righthand": {
			"rotation": [63.98, 45.46, 2.5],
			"translation": [0, 1.5, -0.75],
			"scale": [0.2, 0.2, 0.2]
		},
		"thirdperson_lefthand": {
			"scale": [0.2, 0.2, 0.2]
		},
		"firstperson_righthand": {
			"scale": [0.3, 0.3, 0.3]
		},
		"firstperson_lefthand": {
			"scale": [0.3, 0.3, 0.3]
		},
		"ground": {
			"translation": [0, 2, 0],
			"scale": [0.3, 0.3, 0.3]
		},
		"gui": {
			"rotation": [30, 148, 0],
			"translation": [0.25, -2, 0],
			"scale": [0.5, 0.5, 0.5]
		},
		"fixed": {
			"rotation": [-90, 0, 0],
			"translation": [0, 0, -16],
			"scale": [2, 2, 2]
		}
	}
}