{
	"credit": "Made with Blockbench",
	"textures": {
		"0": "furnitureengine:block/stool",
		"1": "furnitureengine:block/office_chair",
		"particle": "furnitureengine:block/stool"
	},
	"elements": [
		{
			"from": [3, 6.4, 3.5],
			"to": [13, 9.4, 14],
			"faces": {
				"north": {"uv": [4, 3, 7, 3.75], "texture": "#0", "tintindex": 0},
				"east": {"uv": [4.5, 3, 7.5, 3.75], "texture": "#0", "tintindex": 0},
				"south": {"uv": [4.75, 3, 7.75, 3.75], "texture": "#0", "tintindex": 0},
				"west": {"uv": [5, 3, 8, 3.75], "texture": "#0", "tintindex": 0},
				"up": {"uv": [0.5, 0.5, 3.5, 3.5], "texture": "#0", "tintindex": 0},
				"down": {"uv": [0.5, 4.5, 3.5, 7.5], "texture": "#0", "tintindex": 0}
			}
		},
		{
			"from": [3, 9.4, 13],
			"to": [13, 19.1, 16],
			"faces": {
				"north": {"uv": [0.75, 2, 3.25, 3.75], "texture": "#0", "tintindex": 0},
				"east": {"uv": [1.25, 1.75, 2, 3.75], "texture": "#0", "tintindex": 0},
				"south": {"uv": [0.75, 2, 3.25, 3.75], "texture": "#0", "tintindex": 0},
				"west": {"uv": [2.25, 1.75, 3, 3.75], "texture": "#0", "tintindex": 0},
				"up": {"uv": [0.75, 0.5, 3.25, 1.25], "texture": "#0", "tintindex": 0},
				"down": {"uv": [0.75, 6.75, 3.25, 7.5], "texture": "#0", "tintindex": 0}
			}
		},
		{
			"from": [4, 18.9, 13],
			"to": [12, 19.9, 16],
			"faces": {
				"north": {"uv": [0, 3.75, 2, 4], "texture": "#0", "tintindex": 0},
				"east": {"uv": [2, 3.75, 2.75, 4], "texture": "#0", "tintindex": 0},
				"south": {"uv": [0, 3.75, 2, 4], "texture": "#0", "tintindex": 0},
				"west": {"uv": [2.75, 3.75, 3.5, 4], "texture": "#0", "tintindex": 0},
				"up": {"uv": [0.75, 2, 2.75, 2.75], "texture": "#0", "tintindex": 0},
				"down": {"uv": [0.75, 6.75, 3.25, 7.5], "texture": "#0", "tintindex": 0}
			}
		},
		{
			"from": [3.9, 0, 4.7],
			"to": [4.9, 2, 5.7],
			"faces": {
				"north": {"uv": [0, 0, 1, 1], "texture": "#1"},
				"east": {"uv": [0, 0, 1, 1], "texture": "#1"},
				"south": {"uv": [0, 0, 1, 1], "texture": "#1"},
				"west": {"uv": [0, 0, 1, 1], "texture": "#1"},
				"up": {"uv": [0, 0, 1, 1], "texture": "#1"},
				"down": {"uv": [0, 0, 1, 1], "texture": "#1"}
			}
		},
		{
			"from": [3.9, 2, 4.7],
			"to": [4.9, 8, 5.7],
			"faces": {
				"north": {"uv": [5, 0, 8.5, 3.5], "texture": "#1"},
				"east": {"uv": [5, 0, 11.5, 1.5], "texture": "#1"},
				"south": {"uv": [5, 0, 11.5, 1.5], "texture": "#1"},
				"west": {"uv": [5, 0, 11.5, 1.5], "texture": "#1"},
				"up": {"uv": [5, 0, 11.5, 1.5], "texture": "#1"},
				"down": {"uv": [5, 0, 11.5, 1.5], "texture": "#1"}
			}
		},
		{
			"from": [3.9, 2, 12.3],
			"to": [4.9, 8, 13.3],
			"faces": {
				"north": {"uv": [5, 0, 8.5, 3.5], "texture": "#1"},
				"east": {"uv": [5, 0, 11.5, 1.5], "texture": "#1"},
				"south": {"uv": [5, 0, 11.5, 1.5], "texture": "#1"},
				"west": {"uv": [5, 0, 11.5, 1.5], "texture": "#1"},
				"up": {"uv": [5, 0, 11.5, 1.5], "texture": "#1"},
				"down": {"uv": [5, 0, 11.5, 1.5], "texture": "#1"}
			}
		},
		{
			"from": [3.9, 0, 12.3],
			"to": [4.9, 2, 13.3],
			"faces": {
				"north": {"uv": [0, 0, 1, 1], "texture": "#1"},
				"east": {"uv": [0, 0, 1, 1], "texture": "#1"},
				"south": {"uv": [0, 0, 1, 1], "texture": "#1"},
				"west": {"uv": [0, 0, 1, 1], "texture": "#1"},
				"up": {"uv": [0, 0, 1, 1], "texture": "#1"},
				"down": {"uv": [0, 0, 1, 1], "texture": "#1"}
			}
		},
		{
			"from": [11.2, 2, 12.3],
			"to": [12.2, 8, 13.3],
			"faces": {
				"north": {"uv": [5, 0, 8.5, 3.5], "texture": "#1"},
				"east": {"uv": [5, 0, 11.5, 1.5], "texture": "#1"},
				"south": {"uv": [5, 0, 11.5, 1.5], "texture": "#1"},
				"west": {"uv": [5, 0, 11.5, 1.5], "texture": "#1"},
				"up": {"uv": [5, 0, 11.5, 1.5], "texture": "#1"},
				"down": {"uv": [5, 0, 11.5, 1.5], "texture": "#1"}
			}
		},
		{
			"from": [11.2, 0, 12.3],
			"to": [12.2, 2, 13.3],
			"faces": {
				"north": {"uv": [0, 0, 1, 1], "texture": "#1"},
				"east": {"uv": [0, 0, 1, 1], "texture": "#1"},
				"south": {"uv": [0, 0, 1, 1], "texture": "#1"},
				"west": {"uv": [0, 0, 1, 1], "texture": "#1"},
				"up": {"uv": [0, 0, 1, 1], "texture": "#1"},
				"down": {"uv": [0, 0, 1, 1], "texture": "#1"}
			}
		},
		{
			"from": [11.2, 2, 4.7],
			"to": [12.2, 8, 5.7],
			"faces": {
				"north": {"uv": [5, 0, 8.5, 3.5], "texture": "#1"},
				"east": {"uv": [5, 0, 11.5, 1.5], "texture": "#1"},
				"south": {"uv": [5, 0, 11.5, 1.5], "texture": "#1"},
				"west": {"uv": [5, 0, 11.5, 1.5], "texture": "#1"},
				"up": {"uv": [5, 0, 11.5, 1.5], "texture": "#1"},
				"down": {"uv": [5, 0, 11.5, 1.5], "texture": "#1"}
			}
		},
		{
			"from": [11.2, 0, 4.7],
			"to": [12.2, 2, 5.7],
			"faces": {
				"north": {"uv": [0, 0, 1, 1], "texture": "#1"},
				"east": {"uv": [0, 0, 1, 1], "texture": "#1"},
				"south": {"uv": [0, 0, 1, 1], "texture": "#1"},
				"west": {"uv": [0, 0, 1, 1], "texture": "#1"},
				"up": {"uv": [0, 0, 1, 1], "texture": "#1"},
				"down": {"uv": [0, 0, 1, 1], "texture": "#1"}
			}
		}
	],
	"display": {
		"thirdperson_righthand": {
			"rotation": [83.25, 0, 0],
			"translation": [-6, 3, -6],
			"scale": [0.76641, 0.76641, 0.76641]
		},
		"thirdperson_lefthand": {
			"scale": [0.2, 0.2, 0.2]
		},
		"firstperson_righthand": {
			"scale": [0.3, 0.3, 0.3]
		},
		"firstperson_lefthand": {
			"scale": [0.3, 0.3, 0.3]
		},
		"ground": {
			"translation": [0, 2, 0],
			"scale": [0.3, 0.3, 0.3]
		},
		"gui": {
			"rotation": [30, 148, 0],
			"translation": [0.25, -2, 0],
			"scale": [0.5, 0.5, 0.5]
		},
		"fixed": {
			"rotation": [-90, 0, 0],
			"translation": [0, 0, -16],
			"scale": [2, 2, 2]
		}
	}
}