{
	"credit": "Made with Blockbench",
	"texture_size": [64, 64],
	"textures": {
		"1": "furnitureengine:block/office_chair",
		"2": "furnitureengine:block/tv_screen",
		"3": "furnitureengine:block/red",
		"4": "furnitureengine:block/windows_xp_wallpaper",
		"particle": "furnitureengine:block/tv_screen"
	},
	"elements": [
		{
			"from": [-12.7, 0.1, 7.9],
			"to": [-11.8, 0.3, 10.8],
			"rotation": {"angle": 0, "axis": "y", "origin": [-0.4, 0.1, 0]},
			"faces": {
				"north": {"uv": [5, 0, 11.5, 1.5], "texture": "#1"},
				"east": {"uv": [5, 0, 11.5, 1.5], "texture": "#1"},
				"south": {"uv": [5, 0, 8.5, 1.5], "texture": "#1"},
				"west": {"uv": [5, 0, 11.5, 1.5], "texture": "#1"},
				"up": {"uv": [5, 0, 11.5, 1.5], "rotation": 180, "texture": "#1"},
				"down": {"uv": [5, 0, 11.5, 1.5], "rotation": 180, "texture": "#1"}
			}
		},
		{
			"from": [30.2, 2.7, 9],
			"to": [30.6, 2.8, 9.3],
			"rotation": {"angle": 0, "axis": "y", "origin": [-3, 0.1, -0.2]},
			"faces": {
				"north": {"uv": [0, 0, 1, 1], "texture": "#3"},
				"east": {"uv": [0, 2, 1, 3], "texture": "#3"},
				"south": {"uv": [2, 0, 3, 1], "texture": "#3"},
				"west": {"uv": [2, 2, 3, 3], "texture": "#3"},
				"up": {"uv": [1, 5, 0, 4], "texture": "#3"},
				"down": {"uv": [5, 0, 4, 1], "texture": "#3"}
			}
		},
		{
			"from": [-15.8, 3, 9.1],
			"to": [32, 31.6, 9.8],
			"rotation": {"angle": 0, "axis": "y", "origin": [-15.3, 3.5, 9.45]},
			"faces": {
				"north": {"uv": [0, 0, 16, 16], "texture": "#4"},
				"east": {"uv": [5.75, 4, 6, 7.5], "texture": "#2"},
				"south": {"uv": [0, 0, 5.75, 3.5], "texture": "#2"},
				"west": {"uv": [5.75, 0.5, 6, 4], "texture": "#2"},
				"up": {"uv": [11.5, 0.25, 5.75, 0], "rotation": 180, "texture": "#2"},
				"down": {"uv": [11.5, 0.25, 5.75, 0.5], "rotation": 180, "texture": "#2"}
			}
		},
		{
			"from": [-16, 2.8, 8.9],
			"to": [-15.7, 31.9, 9.5],
			"rotation": {"angle": 0, "axis": "y", "origin": [-3, 0.1, -0.2]},
			"faces": {
				"north": {"uv": [5, 0, 11.5, 1.5], "rotation": 90, "texture": "#1"},
				"east": {"uv": [5, 0, 11.5, 1.5], "texture": "#1"},
				"south": {"uv": [5, 0, 11.5, 1.5], "rotation": 270, "texture": "#1"},
				"west": {"uv": [5, 0, 11.5, 1.5], "rotation": 180, "texture": "#1"},
				"up": {"uv": [5, 0, 11.5, 1.5], "rotation": 270, "texture": "#1"},
				"down": {"uv": [5, 0, 8.5, 1.5], "rotation": 270, "texture": "#1"}
			}
		},
		{
			"from": [31.7, 2.8, 8.9],
			"to": [32, 31.9, 9.5],
			"rotation": {"angle": 0, "axis": "y", "origin": [-3, 0.1, -0.2]},
			"faces": {
				"north": {"uv": [5, 0, 11.5, 1.5], "rotation": 90, "texture": "#1"},
				"east": {"uv": [5, 0, 11.5, 1.5], "texture": "#1"},
				"south": {"uv": [5, 0, 11.5, 1.5], "rotation": 270, "texture": "#1"},
				"west": {"uv": [5, 0, 11.5, 1.5], "rotation": 180, "texture": "#1"},
				"up": {"uv": [5, 0, 11.5, 1.5], "rotation": 270, "texture": "#1"},
				"down": {"uv": [5, 0, 8.5, 1.5], "rotation": 270, "texture": "#1"}
			}
		},
		{
			"from": [-15.7, 31.6, 8.9],
			"to": [31.7, 31.9, 9.5],
			"rotation": {"angle": 0, "axis": "y", "origin": [-3, 0.1, -0.2]},
			"faces": {
				"north": {"uv": [5, 0, 11.5, 1.5], "texture": "#1"},
				"east": {"uv": [5, 0, 11.5, 1.5], "texture": "#1"},
				"south": {"uv": [5, 0, 11.5, 1.5], "texture": "#1"},
				"west": {"uv": [5, 0, 8.5, 1.5], "texture": "#1"},
				"up": {"uv": [5, 0, 11.5, 1.5], "rotation": 270, "texture": "#1"},
				"down": {"uv": [5, 0, 11.5, 1.5], "rotation": 90, "texture": "#1"}
			}
		},
		{
			"from": [-15.7, 2.8, 8.9],
			"to": [31.7, 3.1, 9.5],
			"rotation": {"angle": 0, "axis": "y", "origin": [-3, 0.1, -0.2]},
			"faces": {
				"north": {"uv": [5, 0, 11.5, 1.5], "texture": "#1"},
				"east": {"uv": [5, 0, 11.5, 1.5], "texture": "#1"},
				"south": {"uv": [5, 0, 11.5, 1.5], "texture": "#1"},
				"west": {"uv": [5, 0, 8.5, 1.5], "texture": "#1"},
				"up": {"uv": [5, 0, 11.5, 1.5], "rotation": 270, "texture": "#1"},
				"down": {"uv": [5, 0, 11.5, 1.5], "rotation": 90, "texture": "#1"}
			}
		},
		{
			"from": [-12.5, 0.3, 8.9],
			"to": [-12, 2.8, 9.5],
			"rotation": {"angle": 0, "axis": "y", "origin": [-0.4, 0.1, -0.2]},
			"faces": {
				"north": {"uv": [5, 0, 11.5, 1.5], "rotation": 270, "texture": "#1"},
				"east": {"uv": [5, 0, 11.5, 1.5], "texture": "#1"},
				"south": {"uv": [5, 0, 11.5, 1.5], "rotation": 90, "texture": "#1"},
				"west": {"uv": [5, 0, 11.5, 1.5], "rotation": 180, "texture": "#1"},
				"up": {"uv": [5, 0, 8.5, 1.5], "rotation": 90, "texture": "#1"},
				"down": {"uv": [5, 0, 11.5, 1.5], "rotation": 90, "texture": "#1"}
			}
		},
		{
			"from": [27.7, 0.3, 8.9],
			"to": [28.2, 2.8, 9.5],
			"rotation": {"angle": 0, "axis": "y", "origin": [-0.4, 0.1, -0.2]},
			"faces": {
				"north": {"uv": [5, 0, 11.5, 1.5], "rotation": 270, "texture": "#1"},
				"east": {"uv": [5, 0, 11.5, 1.5], "texture": "#1"},
				"south": {"uv": [5, 0, 11.5, 1.5], "rotation": 90, "texture": "#1"},
				"west": {"uv": [5, 0, 11.5, 1.5], "rotation": 180, "texture": "#1"},
				"up": {"uv": [5, 0, 8.5, 1.5], "rotation": 90, "texture": "#1"},
				"down": {"uv": [5, 0, 11.5, 1.5], "rotation": 90, "texture": "#1"}
			}
		},
		{
			"from": [27.5, 0.1, 7.9],
			"to": [28.4, 0.3, 10.8],
			"rotation": {"angle": 0, "axis": "y", "origin": [-0.4, 0.1, 0]},
			"faces": {
				"north": {"uv": [5, 0, 11.5, 1.5], "texture": "#1"},
				"east": {"uv": [5, 0, 11.5, 1.5], "texture": "#1"},
				"south": {"uv": [5, 0, 8.5, 1.5], "texture": "#1"},
				"west": {"uv": [5, 0, 11.5, 1.5], "texture": "#1"},
				"up": {"uv": [5, 0, 11.5, 1.5], "rotation": 180, "texture": "#1"},
				"down": {"uv": [5, 0, 11.5, 1.5], "rotation": 180, "texture": "#1"}
			}
		}
	],
	"display": {
		"thirdperson_righthand": {
			"rotation": [-98.15, 0.71, -179.5],
			"translation": [-6, -1.25, -4.75],
			"scale": [0.23906, 0.2, 0.2]
		},
		"thirdperson_lefthand": {
			"scale": [0.2, 0.2, 0.2]
		},
		"firstperson_righthand": {
			"scale": [0.3, 0.3, 0.3]
		},
		"firstperson_lefthand": {
			"scale": [0.3, 0.3, 0.3]
		},
		"ground": {
			"translation": [0, 2, 0],
			"scale": [0.3, 0.3, 0.3]
		},
		"gui": {
			"rotation": [30, 148, 0],
			"translation": [0.25, -2, 0],
			"scale": [0.5, 0.5, 0.5]
		},
		"fixed": {
			"rotation": [-90, 0, 0],
			"translation": [0, 0, -16],
			"scale": [2, 2, 2]
		}
	}
}