{
	"credit": "Made with Blockbench",
	"textures": {
		"0": "furnitureengine:block/wood/jungle",
		"1": "furnitureengine:block/book",
		"particle": "furnitureengine:block/wood/jungle"
	},
	"elements": [
		{
			"from": [0.8, 0, 0.2],
			"to": [15.1, 15.2, 1.7],
			"rotation": {"angle": 0, "axis": "y", "origin": [1.8, 0, -1.5]},
			"faces": {
				"north": {"uv": [0, 4, 4.5, 6], "rotation": 90, "texture": "#0"},
				"east": {"uv": [0, 7, 7.5, 7.5], "rotation": 90, "texture": "#0"},
				"south": {"uv": [0, 0, 5.5, 2], "rotation": 90, "texture": "#0"},
				"west": {"uv": [3.5, 3, 7.5, 3.5], "rotation": 270, "texture": "#0"},
				"up": {"uv": [5, 0, 11.5, 1.5], "texture": "#missing"},
				"down": {"uv": [0, 1, 6.5, 2.5], "rotation": 180, "texture": "#0"}
			}
		},
		{
			"from": [0.8, 0, 14.1],
			"to": [15.1, 15.2, 15.6],
			"rotation": {"angle": 0, "axis": "y", "origin": [1.8, 0, -1.5]},
			"faces": {
				"north": {"uv": [1, 4.5, 6, 7], "rotation": 90, "texture": "#0"},
				"east": {"uv": [0, 2.5, 7.5, 4], "rotation": 90, "texture": "#0"},
				"south": {"uv": [0, 0, 6.5, 1.5], "rotation": 90, "texture": "#0"},
				"west": {"uv": [0, 0, 8, 1], "rotation": 270, "texture": "#0"},
				"up": {"uv": [5, 0, 11.5, 1.5], "texture": "#missing"},
				"down": {"uv": [0, 3.5, 6.5, 5], "rotation": 180, "texture": "#0"}
			}
		},
		{
			"from": [14.9, 0, 1.7],
			"to": [15.1, 15.2, 14.1],
			"rotation": {"angle": 0, "axis": "y", "origin": [1.8, 0, -1.5]},
			"faces": {
				"north": {"uv": [5, 0, 11.5, 1.5], "rotation": 90, "texture": "#missing"},
				"east": {"uv": [0, 0, 3, 3], "rotation": 90, "texture": "#0"},
				"south": {"uv": [5, 0, 11.5, 1.5], "rotation": 90, "texture": "#missing"},
				"west": {"uv": [2, 0.5, 5.5, 4], "rotation": 270, "texture": "#0"},
				"up": {"uv": [5, 0, 11.5, 1.5], "texture": "#missing"},
				"down": {"uv": [5.5, 3.5, 7.5, 6], "rotation": 180, "texture": "#0"}
			}
		},
		{
			"from": [-0.5, 15.2, -0.7],
			"to": [15.7, 16.1, 16.5],
			"rotation": {"angle": 0, "axis": "y", "origin": [1.8, 0, -1.5]},
			"faces": {
				"north": {"uv": [4, 3, 7, 3.75], "rotation": 180, "texture": "#0", "tintindex": 0},
				"east": {"uv": [5, 3, 8, 3.75], "rotation": 180, "texture": "#0", "tintindex": 0},
				"south": {"uv": [4.75, 3, 7.75, 3.75], "rotation": 180, "texture": "#0", "tintindex": 0},
				"west": {"uv": [4.5, 3, 7.5, 3.75], "rotation": 180, "texture": "#0", "tintindex": 0},
				"up": {"uv": [0, 0, 5, 2.5], "rotation": 180, "texture": "#0", "tintindex": 0},
				"down": {"uv": [0.5, 0.5, 3.5, 3.5], "rotation": 180, "texture": "#0", "tintindex": 0}
			}
		},
		{
			"from": [0.5, 3.5, 6.7],
			"to": [1, 4.4, 9.4],
			"rotation": {"angle": 0, "axis": "y", "origin": [1.8, 0, -1.5]},
			"faces": {
				"north": {"uv": [13, 3.5, 16, 4.25], "rotation": 180, "texture": "#0", "tintindex": 0},
				"east": {"uv": [5, 3, 8, 3.75], "rotation": 180, "texture": "#missing", "tintindex": 0},
				"south": {"uv": [13, 3.5, 16, 4.25], "rotation": 180, "texture": "#0", "tintindex": 0},
				"west": {"uv": [12, 1.5, 15, 2.25], "rotation": 180, "texture": "#0", "tintindex": 0},
				"up": {"uv": [13, 3.5, 16, 4.5], "rotation": 180, "texture": "#0", "tintindex": 0},
				"down": {"uv": [13, 3.5, 16, 4.5], "rotation": 180, "texture": "#0", "tintindex": 0}
			}
		},
		{
			"from": [0.8, 1.5, 1.7],
			"to": [14.7, 7.7, 14.1],
			"rotation": {"angle": 0, "axis": "y", "origin": [1.8, 0, -1.5]},
			"faces": {
				"north": {"uv": [4, 3, 7, 3.75], "rotation": 180, "texture": "#missing", "tintindex": 0},
				"east": {"uv": [5, 3, 8, 3.75], "rotation": 180, "texture": "#missing", "tintindex": 0},
				"south": {"uv": [4.75, 3, 7.75, 3.75], "rotation": 180, "texture": "#missing", "tintindex": 0},
				"west": {"uv": [4.5, 3, 7.5, 3.75], "rotation": 180, "texture": "#0", "tintindex": 0},
				"up": {"uv": [2, 0, 5, 3], "rotation": 180, "texture": "#0", "tintindex": 0},
				"down": {"uv": [0.5, 0.5, 3.5, 3.5], "rotation": 180, "texture": "#0", "tintindex": 0}
			}
		},
		{
			"from": [4.6, 7.8, 2.5],
			"to": [9, 13.3, 4],
			"rotation": {"angle": 0, "axis": "y", "origin": [1.8, 0, -1.5]},
			"faces": {
				"north": {"uv": [3, 6, 3.5, 11], "texture": "#1", "tintindex": 0},
				"east": {"uv": [0, 6, 2, 11], "texture": "#missing", "tintindex": 0},
				"south": {"uv": [3, 6, 3.5, 11], "texture": "#1", "tintindex": 0},
				"west": {"uv": [3, 6, 5, 11], "texture": "#1", "tintindex": 0},
				"up": {"uv": [10.5, 0.5, 6, 0], "texture": "#1", "tintindex": 0},
				"down": {"uv": [10, 9, 6, 11], "texture": "#missing", "tintindex": 0}
			}
		},
		{
			"from": [4.6, 7.8, 4.6],
			"to": [9, 12.1, 6.1],
			"rotation": {"angle": 0, "axis": "y", "origin": [1.8, 0, -1.5]},
			"faces": {
				"north": {"uv": [3, 6, 3.5, 11], "texture": "#1", "tintindex": 0},
				"east": {"uv": [0, 6, 2, 11], "texture": "#missing", "tintindex": 0},
				"south": {"uv": [3, 6, 3.5, 11], "texture": "#1", "tintindex": 0},
				"west": {"uv": [3, 6, 5, 11], "texture": "#1", "tintindex": 0},
				"up": {"uv": [10.5, 0.5, 6, 0], "texture": "#1", "tintindex": 0},
				"down": {"uv": [10, 9, 6, 11], "texture": "#missing", "tintindex": 0}
			}
		},
		{
			"from": [4.6, 7.8, 11.9],
			"to": [9, 12.1, 13.4],
			"rotation": {"angle": 0, "axis": "y", "origin": [1.8, 0, -1.5]},
			"faces": {
				"north": {"uv": [1, 1.5, 3, 3], "texture": "#1", "tintindex": 0},
				"east": {"uv": [0, 6, 2, 11], "texture": "#missing", "tintindex": 0},
				"south": {"uv": [1, 1.5, 3, 3], "texture": "#1", "tintindex": 0},
				"west": {"uv": [0, 1, 4.5, 3.5], "texture": "#1", "tintindex": 0},
				"up": {"uv": [10.5, 0.5, 6, 0], "texture": "#1", "tintindex": 0},
				"down": {"uv": [10, 9, 6, 11], "texture": "#missing", "tintindex": 0}
			}
		},
		{
			"from": [8.9, 7.8, 3.7],
			"to": [13.3, 14.1, 5.2],
			"rotation": {"angle": 0, "axis": "y", "origin": [1.8, 0, -1.5]},
			"faces": {
				"north": {"uv": [1, 6, 3, 7.5], "texture": "#1", "tintindex": 0},
				"east": {"uv": [0, 6, 2, 11], "texture": "#missing", "tintindex": 0},
				"south": {"uv": [1, 5.5, 3, 7], "texture": "#1", "tintindex": 0},
				"west": {"uv": [0.5, 5.5, 3, 8.5], "texture": "#1", "tintindex": 0},
				"up": {"uv": [10.5, 0.5, 6, 0], "texture": "#1", "tintindex": 0},
				"down": {"uv": [10, 9, 6, 11], "texture": "#missing", "tintindex": 0}
			}
		}
	],
	"display": {
		"thirdperson_righthand": {
			"rotation": [90, 72, 0],
			"translation": [0.25, -1.75, -1.75],
			"scale": [0.2, 0.2, 0.2]
		},
		"thirdperson_lefthand": {
			"scale": [0.2, 0.2, 0.2]
		},
		"firstperson_righthand": {
			"scale": [0.3, 0.3, 0.3]
		},
		"firstperson_lefthand": {
			"scale": [0.3, 0.3, 0.3]
		},
		"ground": {
			"translation": [0, 2, 0],
			"scale": [0.3, 0.3, 0.3]
		},
		"gui": {
			"rotation": [30, 148, 0],
			"translation": [0.25, -2, 0],
			"scale": [0.5, 0.5, 0.5]
		},
		"fixed": {
			"rotation": [-90, 0, 0],
			"translation": [0, 0, -16],
			"scale": [2, 2, 2]
		}
	}
}