{
	"credit": "Made with Blockbench",
	"textures": {
		"0": "furnitureengine:block/wood/jungle",
		"1": "furnitureengine:block/wood/dark_oak",
		"particle": "furnitureengine:block/wood/jungle"
	},
	"elements": [
		{
			"from": [0.8, 0, 0.2],
			"to": [15.1, 15.2, 1.7],
			"rotation": {"angle": 0, "axis": "y", "origin": [1.8, 0, -1.5]},
			"faces": {
				"north": {"uv": [0, 4, 4.5, 6], "rotation": 90, "texture": "#0"},
				"east": {"uv": [0, 7, 7.5, 7.5], "rotation": 90, "texture": "#0"},
				"south": {"uv": [0, 0, 5.5, 2], "rotation": 90, "texture": "#0"},
				"west": {"uv": [3.5, 3, 7.5, 3.5], "rotation": 270, "texture": "#0"},
				"up": {"uv": [5, 0, 11.5, 1.5], "texture": "#missing"},
				"down": {"uv": [0, 1, 6.5, 2.5], "rotation": 180, "texture": "#0"}
			}
		},
		{
			"from": [0.8, 0, 29.2],
			"to": [15.1, 15.2, 30.7],
			"rotation": {"angle": 0, "axis": "y", "origin": [1.8, 0, -1.5]},
			"faces": {
				"north": {"uv": [1, 4.5, 6, 7], "rotation": 90, "texture": "#0"},
				"east": {"uv": [0, 2.5, 7.5, 4], "rotation": 90, "texture": "#0"},
				"south": {"uv": [0, 0, 6.5, 1.5], "rotation": 90, "texture": "#0"},
				"west": {"uv": [0, 0, 8, 1], "rotation": 270, "texture": "#0"},
				"up": {"uv": [5, 0, 11.5, 1.5], "texture": "#missing"},
				"down": {"uv": [0, 3.5, 6.5, 5], "rotation": 180, "texture": "#0"}
			}
		},
		{
			"from": [14.9, 0, 1.7],
			"to": [15.1, 15.2, 29.1],
			"rotation": {"angle": 0, "axis": "y", "origin": [1.8, 0, -1.5]},
			"faces": {
				"north": {"uv": [5, 0, 11.5, 1.5], "rotation": 90, "texture": "#missing"},
				"east": {"uv": [0, 0, 3, 3], "rotation": 90, "texture": "#0"},
				"south": {"uv": [5, 0, 11.5, 1.5], "rotation": 90, "texture": "#missing"},
				"west": {"uv": [2, 0.5, 5.5, 4], "rotation": 270, "texture": "#0"},
				"up": {"uv": [5, 0, 11.5, 1.5], "texture": "#missing"},
				"down": {"uv": [5.5, 3.5, 7.5, 6], "rotation": 180, "texture": "#0"}
			}
		},
		{
			"from": [-0.5, 15.2, -0.7],
			"to": [15.7, 16.1, 16.5],
			"rotation": {"angle": 0, "axis": "y", "origin": [1.8, 0, -1.5]},
			"faces": {
				"north": {"uv": [4, 3, 7, 3.75], "rotation": 180, "texture": "#0", "tintindex": 0},
				"east": {"uv": [5, 3, 8, 3.75], "rotation": 180, "texture": "#0", "tintindex": 0},
				"south": {"uv": [4.75, 3, 7.75, 3.75], "rotation": 180, "texture": "#0", "tintindex": 0},
				"west": {"uv": [4.5, 3, 7.5, 3.75], "rotation": 180, "texture": "#0", "tintindex": 0},
				"up": {"uv": [0, 0, 5, 2.5], "rotation": 180, "texture": "#0", "tintindex": 0},
				"down": {"uv": [0.5, 0.5, 3.5, 3.5], "rotation": 180, "texture": "#0", "tintindex": 0}
			}
		},
		{
			"from": [-0.5, 15.2, 16.5],
			"to": [15.7, 16.1, 32],
			"rotation": {"angle": 0, "axis": "y", "origin": [1.8, 0, -1.5]},
			"faces": {
				"north": {"uv": [4, 3, 7, 3.75], "rotation": 180, "texture": "#0", "tintindex": 0},
				"east": {"uv": [5, 3, 8, 3.75], "rotation": 180, "texture": "#0", "tintindex": 0},
				"south": {"uv": [4.75, 3, 7.75, 3.75], "rotation": 180, "texture": "#0", "tintindex": 0},
				"west": {"uv": [4.5, 3, 7.5, 3.75], "rotation": 180, "texture": "#0", "tintindex": 0},
				"up": {"uv": [0, 0, 5, 2.5], "rotation": 180, "texture": "#0", "tintindex": 0},
				"down": {"uv": [0.5, 0.5, 3.5, 3.5], "rotation": 180, "texture": "#0", "tintindex": 0}
			}
		},
		{
			"from": [0.5, 11.1, 3.6],
			"to": [1, 12, 5],
			"rotation": {"angle": 0, "axis": "y", "origin": [1.8, 0, -1.5]},
			"faces": {
				"north": {"uv": [1.5, 2, 4.5, 2.75], "rotation": 180, "texture": "#1", "tintindex": 0},
				"east": {"uv": [5, 3, 8, 3.75], "rotation": 180, "texture": "#missing", "tintindex": 0},
				"south": {"uv": [1.5, 2, 4.5, 2.75], "rotation": 180, "texture": "#1", "tintindex": 0},
				"west": {"uv": [1.5, 2, 4.5, 2.75], "rotation": 180, "texture": "#1", "tintindex": 0},
				"up": {"uv": [1.5, 2, 4.5, 3], "rotation": 180, "texture": "#1", "tintindex": 0},
				"down": {"uv": [1.5, 2, 4.5, 3], "rotation": 180, "texture": "#1", "tintindex": 0}
			}
		},
		{
			"from": [0.5, 11.1, 26],
			"to": [1, 12, 27.4],
			"rotation": {"angle": 0, "axis": "y", "origin": [1.8, 0, -1.5]},
			"faces": {
				"north": {"uv": [1.5, 2, 4.5, 2.75], "rotation": 180, "texture": "#1", "tintindex": 0},
				"east": {"uv": [5, 3, 8, 3.75], "rotation": 180, "texture": "#missing", "tintindex": 0},
				"south": {"uv": [1.5, 2, 4.5, 2.75], "rotation": 180, "texture": "#1", "tintindex": 0},
				"west": {"uv": [1.5, 2, 4.5, 2.75], "rotation": 180, "texture": "#1", "tintindex": 0},
				"up": {"uv": [1.5, 2, 4.5, 3], "rotation": 180, "texture": "#1", "tintindex": 0},
				"down": {"uv": [1.5, 2, 4.5, 3], "rotation": 180, "texture": "#1", "tintindex": 0}
			}
		},
		{
			"from": [0.5, 3.6, 26],
			"to": [1, 4.5, 27.4],
			"rotation": {"angle": 0, "axis": "y", "origin": [1.8, 0, -1.5]},
			"faces": {
				"north": {"uv": [1.5, 2, 4.5, 2.75], "rotation": 180, "texture": "#1", "tintindex": 0},
				"east": {"uv": [5, 3, 8, 3.75], "rotation": 180, "texture": "#missing", "tintindex": 0},
				"south": {"uv": [1.5, 2, 4.5, 2.75], "rotation": 180, "texture": "#1", "tintindex": 0},
				"west": {"uv": [1.5, 2, 4.5, 2.75], "rotation": 180, "texture": "#1", "tintindex": 0},
				"up": {"uv": [1.5, 2, 4.5, 3], "rotation": 180, "texture": "#1", "tintindex": 0},
				"down": {"uv": [1.5, 2, 4.5, 3], "rotation": 180, "texture": "#1", "tintindex": 0}
			}
		},
		{
			"from": [0.5, 3.6, 3.6],
			"to": [1, 4.5, 5],
			"rotation": {"angle": 0, "axis": "y", "origin": [1.8, 0, -1.5]},
			"faces": {
				"north": {"uv": [1.5, 2, 4.5, 2.75], "rotation": 180, "texture": "#1", "tintindex": 0},
				"east": {"uv": [5, 3, 8, 3.75], "rotation": 180, "texture": "#missing", "tintindex": 0},
				"south": {"uv": [1.5, 2, 4.5, 2.75], "rotation": 180, "texture": "#1", "tintindex": 0},
				"west": {"uv": [1.5, 2, 4.5, 2.75], "rotation": 180, "texture": "#1", "tintindex": 0},
				"up": {"uv": [1.5, 2, 4.5, 3], "rotation": 180, "texture": "#1", "tintindex": 0},
				"down": {"uv": [1.5, 2, 4.5, 3], "rotation": 180, "texture": "#1", "tintindex": 0}
			}
		},
		{
			"from": [0.8, 8.4, 1.7],
			"to": [14.7, 14.6, 29.2],
			"rotation": {"angle": 0, "axis": "y", "origin": [1.8, 0, -1.5]},
			"faces": {
				"north": {"uv": [4, 3, 7, 3.75], "rotation": 180, "texture": "#missing", "tintindex": 0},
				"east": {"uv": [5, 3, 8, 3.75], "rotation": 180, "texture": "#missing", "tintindex": 0},
				"south": {"uv": [4.75, 3, 7.75, 3.75], "rotation": 180, "texture": "#missing", "tintindex": 0},
				"west": {"uv": [4.5, 3, 7.5, 3.75], "rotation": 180, "texture": "#0", "tintindex": 0},
				"up": {"uv": [2, 0, 5, 3], "rotation": 180, "texture": "#0", "tintindex": 0},
				"down": {"uv": [0.5, 0.5, 3.5, 3.5], "rotation": 180, "texture": "#0", "tintindex": 0}
			}
		},
		{
			"from": [0.8, 1.6, 1.7],
			"to": [14.7, 7.8, 29.2],
			"rotation": {"angle": 0, "axis": "y", "origin": [1.8, 0, -1.5]},
			"faces": {
				"north": {"uv": [4, 3, 7, 3.75], "rotation": 180, "texture": "#missing", "tintindex": 0},
				"east": {"uv": [5, 3, 8, 3.75], "rotation": 180, "texture": "#missing", "tintindex": 0},
				"south": {"uv": [4.75, 3, 7.75, 3.75], "rotation": 180, "texture": "#missing", "tintindex": 0},
				"west": {"uv": [4.5, 3, 7.5, 3.75], "rotation": 180, "texture": "#0", "tintindex": 0},
				"up": {"uv": [2, 0, 5, 3], "rotation": 180, "texture": "#0", "tintindex": 0},
				"down": {"uv": [0.5, 0.5, 3.5, 3.5], "rotation": 180, "texture": "#0", "tintindex": 0}
			}
		}
	],
	"display": {
		"thirdperson_righthand": {
			"rotation": [120.95, -88.78, 30.24],
			"translation": [-3, -1.75, -2.75],
			"scale": [0.2, 0.33867, 0.40703]
		},
		"thirdperson_lefthand": {
			"scale": [0.2, 0.2, 0.2]
		},
		"firstperson_righthand": {
			"scale": [0.3, 0.3, 0.3]
		},
		"firstperson_lefthand": {
			"scale": [0.3, 0.3, 0.3]
		},
		"ground": {
			"translation": [0, 2, 0],
			"scale": [0.3, 0.3, 0.3]
		},
		"gui": {
			"rotation": [30, 148, 0],
			"translation": [0.25, -2, 0],
			"scale": [0.5, 0.5, 0.5]
		},
		"fixed": {
			"rotation": [-90, 0, 0],
			"translation": [0, 0, -16],
			"scale": [2, 2, 2]
		}
	}
}