{
	"credit": "Made with Blockbench",
	"texture_size": [64, 64],
	"textures": {
		"1": "furnitureengine:block/wood/oak",
		"particle": "furnitureengine:block/wood/oak"
	},
	"elements": [
		{
			"from": [14, 12, 14],
			"to": [16, 28, 16],
			"faces": {
				"north": {"uv": [14, 0, 15, 8], "texture": "#1"},
				"east": {"uv": [13, 0, 14, 8], "texture": "#1"},
				"south": {"uv": [12, 0, 13, 8], "texture": "#1"},
				"west": {"uv": [11, 0, 12, 8], "texture": "#1"},
				"up": {"uv": [15, 7, 16, 8], "texture": "#1"},
				"down": {"uv": [15, 7, 16, 8], "texture": "#1"}
			}
		},
		{
			"from": [0, 12, 14],
			"to": [2, 28, 16],
			"faces": {
				"north": {"uv": [14, 0, 15, 8], "texture": "#1"},
				"east": {"uv": [13, 0, 14, 8], "texture": "#1"},
				"south": {"uv": [12, 0, 13, 8], "texture": "#1"},
				"west": {"uv": [11, 0, 12, 8], "texture": "#1"},
				"up": {"uv": [15, 7, 16, 8], "texture": "#1"},
				"down": {"uv": [15, 7, 16, 8], "texture": "#1"}
			}
		},
		{
			"from": [2, 12, 15],
			"to": [14, 14, 15],
			"faces": {
				"north": {"uv": [0, 6.5, 6, 7.5], "texture": "#1"},
				"east": {"uv": [4, 6.75, 4, 7.25], "texture": "#1"},
				"south": {"uv": [0, 6.5, 6, 7.5], "texture": "#1"},
				"west": {"uv": [7, 6.75, 7, 7.25], "texture": "#1"},
				"up": {"uv": [7, 6.75, 4, 6.75], "texture": "#1"},
				"down": {"uv": [10, 6.75, 7, 6.75], "texture": "#1"}
			}
		},
		{
			"from": [2, 20, 15],
			"to": [14, 22, 15],
			"faces": {
				"north": {"uv": [2, 2.5, 8, 3.5], "texture": "#1"},
				"east": {"uv": [4, 6.25, 4, 6.75], "texture": "#1"},
				"south": {"uv": [1, 2.5, 7, 3.5], "texture": "#1"},
				"west": {"uv": [7, 6.25, 7, 6.75], "texture": "#1"},
				"up": {"uv": [7, 6.25, 4, 6.25], "texture": "#1"},
				"down": {"uv": [10, 6.25, 7, 6.25], "texture": "#1"}
			}
		},
		{
			"from": [2, 24, 15],
			"to": [14, 26, 15],
			"faces": {
				"north": {"uv": [2, 7, 8, 8], "texture": "#1"},
				"east": {"uv": [4, 5.25, 4, 5.75], "texture": "#1"},
				"south": {"uv": [0.5, 3, 6.5, 4], "texture": "#1"},
				"west": {"uv": [7, 5.25, 7, 5.75], "texture": "#1"},
				"up": {"uv": [7, 5.25, 4, 5.25], "texture": "#1"},
				"down": {"uv": [10, 5.25, 7, 5.25], "texture": "#1"}
			}
		},
		{
			"from": [2, 16, 15],
			"to": [14, 18, 15],
			"faces": {
				"north": {"uv": [0, 5.5, 6, 6.5], "texture": "#1"},
				"east": {"uv": [4, 5.75, 4, 6.25], "texture": "#1"},
				"south": {"uv": [0, 5.5, 6, 6.5], "texture": "#1"},
				"west": {"uv": [7, 5.75, 7, 6.25], "texture": "#1"},
				"up": {"uv": [7, 5.75, 4, 5.75], "texture": "#1"},
				"down": {"uv": [10, 5.75, 7, 5.75], "texture": "#1"}
			}
		},
		{
			"from": [1, 0, 1],
			"to": [3, 9, 3],
			"faces": {
				"north": {"uv": [0.5, 3.5, 1.5, 8], "texture": "#1"},
				"east": {"uv": [0, 3.5, 1, 8], "texture": "#1"},
				"south": {"uv": [3, 3.5, 4, 8], "texture": "#1"},
				"west": {"uv": [4.5, 3.5, 5.5, 8], "texture": "#1"},
				"up": {"uv": [6, 6, 7, 7], "texture": "#1"},
				"down": {"uv": [6, 6, 7, 7], "texture": "#1"}
			}
		},
		{
			"from": [13, 0, 1],
			"to": [15, 9, 3],
			"faces": {
				"north": {"uv": [0.5, 3.5, 1.5, 8], "texture": "#1"},
				"east": {"uv": [0, 3.5, 1, 8], "texture": "#1"},
				"south": {"uv": [3, 3.5, 4, 8], "texture": "#1"},
				"west": {"uv": [4.5, 3.5, 5.5, 8], "texture": "#1"},
				"up": {"uv": [6, 6, 7, 7], "texture": "#1"},
				"down": {"uv": [6, 6, 7, 7], "texture": "#1"}
			}
		},
		{
			"from": [13, 0, 13],
			"to": [15, 9, 15],
			"faces": {
				"north": {"uv": [0.5, 3.5, 1.5, 8], "texture": "#1"},
				"east": {"uv": [0, 3.5, 1, 8], "texture": "#1"},
				"south": {"uv": [3, 3.5, 4, 8], "texture": "#1"},
				"west": {"uv": [4.5, 3.5, 5.5, 8], "texture": "#1"},
				"up": {"uv": [6, 6, 7, 7], "texture": "#1"},
				"down": {"uv": [6, 6, 7, 7], "texture": "#1"}
			}
		},
		{
			"from": [1, 0, 13],
			"to": [3, 9, 15],
			"faces": {
				"north": {"uv": [0.5, 3.5, 1.5, 8], "texture": "#1"},
				"east": {"uv": [0, 3.5, 1, 8], "texture": "#1"},
				"south": {"uv": [3, 3.5, 4, 8], "texture": "#1"},
				"west": {"uv": [4.5, 3.5, 5.5, 8], "texture": "#1"},
				"up": {"uv": [6, 6, 7, 7], "texture": "#1"},
				"down": {"uv": [6, 6, 7, 7], "texture": "#1"}
			}
		},
		{
			"from": [0, 9, 0],
			"to": [16, 12, 16],
			"faces": {
				"north": {"uv": [0, 6.5, 8, 8], "texture": "#1"},
				"east": {"uv": [0, 6.5, 8, 8], "texture": "#1"},
				"south": {"uv": [0, 6.5, 8, 8], "texture": "#1"},
				"west": {"uv": [0, 6.5, 8, 8], "texture": "#1"},
				"up": {"uv": [8, 8, 0, 0], "texture": "#1"},
				"down": {"uv": [8, 8, 0, 0], "texture": "#1"}
			}
		}
	],
	"display": {
		"thirdperson_righthand": {
			"scale": [0.2, 0.2, 0.2]
		},
		"thirdperson_lefthand": {
			"scale": [0.2, 0.2, 0.2]
		},
		"firstperson_righthand": {
			"scale": [0.3, 0.3, 0.3]
		},
		"firstperson_lefthand": {
			"scale": [0.3, 0.3, 0.3]
		},
		"ground": {
			"translation": [0, 2, 0],
			"scale": [0.3, 0.3, 0.3]
		},
		"gui": {
			"rotation": [30, 148, 0],
			"translation": [0, -2.5, 0],
			"scale": [0.4, 0.4, 0.4]
		},
		"fixed": {
			"rotation": [-90, 0, 0],
			"translation": [0, 0, -16],
			"scale": [2, 2, 2]
		}
	}
}