{
	"credit": "Made with Blockbench",
	"textures": {
		"0": "furnitureengine:block/wood/dark_oak",
		"1": "furnitureengine:block/wood/birch",
		"particle": "furnitureengine:block/wood/dark_oak"
	},
	"elements": [
		{
			"from": [2.1, 0, 0.4],
			"to": [3.6, 15.2, 14.7],
			"rotation": {"angle": 0, "axis": "y", "origin": [1.8, 0, -1.5]},
			"faces": {
				"north": {"uv": [0, 7, 7.5, 7.5], "rotation": 90, "texture": "#0"},
				"east": {"uv": [0, 0, 5.5, 2], "rotation": 90, "texture": "#0"},
				"south": {"uv": [3.5, 3, 7.5, 3.5], "rotation": 270, "texture": "#0"},
				"west": {"uv": [0, 4, 4.5, 6], "rotation": 90, "texture": "#0"},
				"up": {"uv": [5, 0, 11.5, 1.5], "rotation": 270, "texture": "#missing"},
				"down": {"uv": [0, 1, 6.5, 2.5], "rotation": 270, "texture": "#0"}
			}
		},
		{
			"from": [27.9, 0, 0.4],
			"to": [29.4, 15.2, 14.7],
			"rotation": {"angle": 0, "axis": "y", "origin": [1.8, 0, -1.5]},
			"faces": {
				"north": {"uv": [0, 4.5, 4, 5.5], "rotation": 90, "texture": "#0"},
				"east": {"uv": [0, 0, 3.5, 2], "rotation": 90, "texture": "#0"},
				"south": {"uv": [0, 0, 5.5, 1], "rotation": 270, "texture": "#0"},
				"west": {"uv": [5, 0, 11.5, 1.5], "rotation": 90, "texture": "#0"},
				"up": {"uv": [5, 0, 11.5, 1.5], "rotation": 270, "texture": "#missing"},
				"down": {"uv": [0, 2.5, 6.5, 4], "rotation": 270, "texture": "#0"}
			}
		},
		{
			"from": [16, 0, 0.4],
			"to": [17.5, 13.6, 14.7],
			"rotation": {"angle": 0, "axis": "y", "origin": [1.8, 0, -1.5]},
			"faces": {
				"north": {"uv": [0, 2.5, 7.5, 4], "rotation": 90, "texture": "#0"},
				"east": {"uv": [5, 0, 11.5, 1.5], "rotation": 90, "texture": "#0"},
				"south": {"uv": [0, 0, 8, 1], "rotation": 270, "texture": "#0"},
				"west": {"uv": [1, 4.5, 6, 7], "rotation": 90, "texture": "#0"},
				"up": {"uv": [5, 0, 11.5, 1.5], "rotation": 270, "texture": "#missing"},
				"down": {"uv": [0, 3.5, 6.5, 5], "rotation": 270, "texture": "#0"}
			}
		},
		{
			"from": [17.5, 0, 0.4],
			"to": [27.9, 13.6, 13.1],
			"rotation": {"angle": 0, "axis": "y", "origin": [1.8, 0, -1.5]},
			"faces": {
				"north": {"uv": [0, 0, 3, 3], "rotation": 90, "texture": "#0"},
				"east": {"uv": [5, 0, 11.5, 1.5], "rotation": 90, "texture": "#missing"},
				"south": {"uv": [5, 0, 8.5, 3.5], "rotation": 270, "texture": "#0"},
				"west": {"uv": [5, 0, 11.5, 1.5], "rotation": 90, "texture": "#missing"},
				"up": {"uv": [5, 0, 11.5, 1.5], "rotation": 270, "texture": "#missing"},
				"down": {"uv": [5.5, 3.5, 7.5, 6], "rotation": 270, "texture": "#0"}
			}
		},
		{
			"from": [-0.1, 15.2, -0.2],
			"to": [15.9, 16.1, 16],
			"rotation": {"angle": 0, "axis": "y", "origin": [1.8, 0, -1.5]},
			"faces": {
				"north": {"uv": [5, 3, 8, 3.75], "rotation": 180, "texture": "#0", "tintindex": 0},
				"east": {"uv": [4.75, 3, 7.75, 3.75], "rotation": 180, "texture": "#missing", "tintindex": 0},
				"south": {"uv": [4.5, 3, 7.5, 3.75], "rotation": 180, "texture": "#0", "tintindex": 0},
				"west": {"uv": [4, 3, 7, 3.75], "rotation": 180, "texture": "#0", "tintindex": 0},
				"up": {"uv": [0, 0, 5, 2.5], "rotation": 90, "texture": "#0", "tintindex": 0},
				"down": {"uv": [0.5, 0.5, 3.5, 3.5], "rotation": 270, "texture": "#0", "tintindex": 0}
			}
		},
		{
			"from": [3.6, 13.6, 0.4],
			"to": [27.9, 15.2, 14.7],
			"rotation": {"angle": 0, "axis": "y", "origin": [1.8, 0, -1.5]},
			"faces": {
				"north": {"uv": [5, 3, 8, 3.75], "rotation": 180, "texture": "#0", "tintindex": 0},
				"east": {"uv": [4.75, 3, 7.75, 3.75], "rotation": 180, "texture": "#0", "tintindex": 0},
				"south": {"uv": [0, 0, 7.5, 1.75], "rotation": 180, "texture": "#0", "tintindex": 0},
				"west": {"uv": [4, 3, 7, 3.75], "rotation": 180, "texture": "#missing", "tintindex": 0},
				"up": {"uv": [0.5, 4.5, 3.5, 7.5], "rotation": 90, "texture": "#missing", "tintindex": 0},
				"down": {"uv": [0, 0, 8, 8], "rotation": 270, "texture": "#0", "tintindex": 0}
			}
		},
		{
			"from": [17.5, 10.9, 12.6],
			"to": [27.9, 13.6, 14.7],
			"rotation": {"angle": 0, "axis": "y", "origin": [1.8, 0, -1.5]},
			"faces": {
				"north": {"uv": [5, 3, 8, 3.75], "rotation": 180, "texture": "#missing", "tintindex": 0},
				"east": {"uv": [4.75, 3, 7.75, 3.75], "rotation": 180, "texture": "#missing", "tintindex": 0},
				"south": {"uv": [4.5, 3, 7.5, 3.75], "rotation": 180, "texture": "#0", "tintindex": 0},
				"west": {"uv": [4, 3, 7, 3.75], "rotation": 180, "texture": "#missing", "tintindex": 0},
				"up": {"uv": [0.5, 4.5, 3.5, 7.5], "rotation": 90, "texture": "#missing", "tintindex": 0},
				"down": {"uv": [0.5, 0.5, 3.5, 3.5], "rotation": 270, "texture": "#0", "tintindex": 0}
			}
		},
		{
			"from": [17.5, 7.5, 12.6],
			"to": [27.9, 10.2, 14.7],
			"rotation": {"angle": 0, "axis": "y", "origin": [1.8, 0, -1.5]},
			"faces": {
				"north": {"uv": [5, 3, 8, 3.75], "rotation": 180, "texture": "#missing", "tintindex": 0},
				"east": {"uv": [4.75, 3, 7.75, 3.75], "rotation": 180, "texture": "#missing", "tintindex": 0},
				"south": {"uv": [4.5, 3, 7.5, 3.75], "rotation": 180, "texture": "#0", "tintindex": 0},
				"west": {"uv": [4, 3, 7, 3.75], "rotation": 180, "texture": "#missing", "tintindex": 0},
				"up": {"uv": [0.5, 4.5, 3.5, 7.5], "rotation": 90, "texture": "#0", "tintindex": 0},
				"down": {"uv": [0.5, 0.5, 3.5, 3.5], "rotation": 270, "texture": "#0", "tintindex": 0}
			}
		},
		{
			"from": [17.5, 4.2, 12.6],
			"to": [27.9, 6.9, 14.7],
			"rotation": {"angle": 0, "axis": "y", "origin": [1.8, 0, -1.5]},
			"faces": {
				"north": {"uv": [5, 3, 8, 3.75], "rotation": 180, "texture": "#missing", "tintindex": 0},
				"east": {"uv": [4.75, 3, 7.75, 3.75], "rotation": 180, "texture": "#missing", "tintindex": 0},
				"south": {"uv": [4.5, 3, 7.5, 3.75], "rotation": 180, "texture": "#0", "tintindex": 0},
				"west": {"uv": [4, 3, 7, 3.75], "rotation": 180, "texture": "#missing", "tintindex": 0},
				"up": {"uv": [0.5, 4.5, 3.5, 7.5], "rotation": 90, "texture": "#0", "tintindex": 0},
				"down": {"uv": [0.5, 0.5, 3.5, 3.5], "rotation": 270, "texture": "#0", "tintindex": 0}
			}
		},
		{
			"from": [17.5, 0.7, 12.6],
			"to": [27.9, 3.4, 14.7],
			"rotation": {"angle": 0, "axis": "y", "origin": [1.8, 0, -1.5]},
			"faces": {
				"north": {"uv": [5, 3, 8, 3.75], "rotation": 180, "texture": "#missing", "tintindex": 0},
				"east": {"uv": [4.75, 3, 7.75, 3.75], "rotation": 180, "texture": "#missing", "tintindex": 0},
				"south": {"uv": [4.5, 3, 7.5, 3.75], "rotation": 180, "texture": "#0", "tintindex": 0},
				"west": {"uv": [4, 3, 7, 3.75], "rotation": 180, "texture": "#missing", "tintindex": 0},
				"up": {"uv": [0.5, 4.5, 3.5, 7.5], "rotation": 90, "texture": "#0", "tintindex": 0},
				"down": {"uv": [0.5, 0.5, 3.5, 3.5], "rotation": 270, "texture": "#0", "tintindex": 0}
			}
		},
		{
			"from": [8.8, 14, 14.8],
			"to": [11.5, 14.7, 15],
			"rotation": {"angle": 0, "axis": "y", "origin": [1.8, 0, -1.5]},
			"faces": {
				"north": {"uv": [5, 3, 8, 3.75], "rotation": 180, "texture": "#missing", "tintindex": 0},
				"east": {"uv": [4.75, 3, 7.75, 3.75], "rotation": 180, "texture": "#1", "tintindex": 0},
				"south": {"uv": [4.5, 3, 7.5, 3.75], "rotation": 180, "texture": "#1", "tintindex": 0},
				"west": {"uv": [4, 3, 7, 3.75], "rotation": 180, "texture": "#1", "tintindex": 0},
				"up": {"uv": [0.5, 4.5, 3.5, 7.5], "rotation": 90, "texture": "#1", "tintindex": 0},
				"down": {"uv": [0.5, 0.5, 3.5, 3.5], "rotation": 270, "texture": "#1", "tintindex": 0}
			}
		},
		{
			"from": [21.4, 11.9, 14.8],
			"to": [24.1, 12.6, 15],
			"rotation": {"angle": 0, "axis": "y", "origin": [1.8, 0, -1.5]},
			"faces": {
				"north": {"uv": [5, 3, 8, 3.75], "rotation": 180, "texture": "#missing", "tintindex": 0},
				"east": {"uv": [4.75, 3, 7.75, 3.75], "rotation": 180, "texture": "#1", "tintindex": 0},
				"south": {"uv": [4.5, 3, 7.5, 3.75], "rotation": 180, "texture": "#1", "tintindex": 0},
				"west": {"uv": [4, 3, 7, 3.75], "rotation": 180, "texture": "#1", "tintindex": 0},
				"up": {"uv": [0.5, 4.5, 3.5, 7.5], "rotation": 90, "texture": "#1", "tintindex": 0},
				"down": {"uv": [0.5, 0.5, 3.5, 3.5], "rotation": 270, "texture": "#1", "tintindex": 0}
			}
		},
		{
			"from": [21.4, 8.4, 14.8],
			"to": [24.1, 9.1, 15],
			"rotation": {"angle": 0, "axis": "y", "origin": [1.8, 0, -1.5]},
			"faces": {
				"north": {"uv": [5, 3, 8, 3.75], "rotation": 180, "texture": "#missing", "tintindex": 0},
				"east": {"uv": [4.75, 3, 7.75, 3.75], "rotation": 180, "texture": "#1", "tintindex": 0},
				"south": {"uv": [4.5, 3, 7.5, 3.75], "rotation": 180, "texture": "#1", "tintindex": 0},
				"west": {"uv": [4, 3, 7, 3.75], "rotation": 180, "texture": "#1", "tintindex": 0},
				"up": {"uv": [0.5, 4.5, 3.5, 7.5], "rotation": 90, "texture": "#1", "tintindex": 0},
				"down": {"uv": [0.5, 0.5, 3.5, 3.5], "rotation": 270, "texture": "#1", "tintindex": 0}
			}
		},
		{
			"from": [21.4, 5.1, 14.8],
			"to": [24.1, 5.8, 15],
			"rotation": {"angle": 0, "axis": "y", "origin": [1.8, 0, -1.5]},
			"faces": {
				"north": {"uv": [5, 3, 8, 3.75], "rotation": 180, "texture": "#missing", "tintindex": 0},
				"east": {"uv": [4.75, 3, 7.75, 3.75], "rotation": 180, "texture": "#1", "tintindex": 0},
				"south": {"uv": [4.5, 3, 7.5, 3.75], "rotation": 180, "texture": "#1", "tintindex": 0},
				"west": {"uv": [4, 3, 7, 3.75], "rotation": 180, "texture": "#1", "tintindex": 0},
				"up": {"uv": [0.5, 4.5, 3.5, 7.5], "rotation": 90, "texture": "#1", "tintindex": 0},
				"down": {"uv": [0.5, 0.5, 3.5, 3.5], "rotation": 270, "texture": "#1", "tintindex": 0}
			}
		},
		{
			"from": [21.4, 1.5, 14.8],
			"to": [24.1, 2.2, 15],
			"rotation": {"angle": 0, "axis": "y", "origin": [1.8, 0, -1.5]},
			"faces": {
				"north": {"uv": [5, 3, 8, 3.75], "rotation": 180, "texture": "#missing", "tintindex": 0},
				"east": {"uv": [4.75, 3, 7.75, 3.75], "rotation": 180, "texture": "#1", "tintindex": 0},
				"south": {"uv": [4.5, 3, 7.5, 3.75], "rotation": 180, "texture": "#1", "tintindex": 0},
				"west": {"uv": [4, 3, 7, 3.75], "rotation": 180, "texture": "#1", "tintindex": 0},
				"up": {"uv": [0.5, 4.5, 3.5, 7.5], "rotation": 90, "texture": "#1", "tintindex": 0},
				"down": {"uv": [0.5, 0.5, 3.5, 3.5], "rotation": 270, "texture": "#1", "tintindex": 0}
			}
		},
		{
			"from": [15.9, 15.2, -0.2],
			"to": [31.9, 16.1, 16],
			"rotation": {"angle": 0, "axis": "y", "origin": [1.8, 0, -1.5]},
			"faces": {
				"north": {"uv": [5, 3, 8, 3.75], "rotation": 180, "texture": "#0", "tintindex": 0},
				"east": {"uv": [4.75, 3, 7.75, 3.75], "rotation": 180, "texture": "#0", "tintindex": 0},
				"south": {"uv": [4.5, 3, 7.5, 3.75], "rotation": 180, "texture": "#0", "tintindex": 0},
				"west": {"uv": [4, 3, 7, 3.75], "rotation": 180, "texture": "#missing", "tintindex": 0},
				"up": {"uv": [3, 0, 8, 4.5], "rotation": 90, "texture": "#0", "tintindex": 0},
				"down": {"uv": [0.5, 0.5, 3.5, 3.5], "rotation": 270, "texture": "#0", "tintindex": 0}
			}
		}
	],
	"display": {
		"thirdperson_righthand": {
			"rotation": [-90, 0, 180],
			"translation": [-4, -1, -1.5],
			"scale": [0.25273, 0.25273, 0.25273]
		},
		"thirdperson_lefthand": {
			"scale": [0.2, 0.2, 0.2]
		},
		"firstperson_righthand": {
			"scale": [0.3, 0.3, 0.3]
		},
		"firstperson_lefthand": {
			"scale": [0.3, 0.3, 0.3]
		},
		"ground": {
			"translation": [0, 2, 0],
			"scale": [0.3, 0.3, 0.3]
		},
		"gui": {
			"rotation": [30, 148, 0],
			"translation": [0.25, -2, 0],
			"scale": [0.5, 0.5, 0.5]
		},
		"fixed": {
			"rotation": [-90, 0, 0],
			"translation": [0, 0, -16],
			"scale": [2, 2, 2]
		}
	}
}