{
	"credit": "Made with Blockbench",
	"texture_size": [64, 64],
	"textures": {
		"1": "furnitureengine:block/wood/oak",
		"particle": "furnitureengine:block/wood/oak"
	},
	"elements": [
		{
			"from": [0.2, 1.1, 3.1],
			"to": [16.8, 2.1, 4.1],
			"faces": {
				"north": {"uv": [0, 3.5, 1, 8], "rotation": 270, "texture": "#1"},
				"east": {"uv": [6, 6, 7, 7], "texture": "#1"},
				"south": {"uv": [4.5, 3.5, 5.5, 8], "rotation": 90, "texture": "#1"},
				"west": {"uv": [6, 6, 7, 7], "rotation": 180, "texture": "#1"},
				"up": {"uv": [0.5, 3.5, 1.5, 8], "rotation": 90, "texture": "#1"},
				"down": {"uv": [3, 3.5, 4, 8], "rotation": 90, "texture": "#1"}
			}
		},
		{
			"from": [0.2, 1.1, 11.8],
			"to": [16.8, 2.1, 12.8],
			"faces": {
				"north": {"uv": [0, 3.5, 1, 8], "rotation": 270, "texture": "#1"},
				"east": {"uv": [6, 6, 7, 7], "texture": "#1"},
				"south": {"uv": [4.5, 3.5, 5.5, 8], "rotation": 90, "texture": "#1"},
				"west": {"uv": [6, 6, 7, 7], "rotation": 180, "texture": "#1"},
				"up": {"uv": [0.5, 3.5, 1.5, 8], "rotation": 90, "texture": "#1"},
				"down": {"uv": [3, 3.5, 4, 8], "rotation": 90, "texture": "#1"}
			}
		},
		{
			"from": [15.8, 1.1, 4.1],
			"to": [16.8, 2.1, 11.8],
			"faces": {
				"north": {"uv": [6, 6, 7, 7], "rotation": 180, "texture": "#1"},
				"east": {"uv": [0, 3.5, 1, 8], "rotation": 270, "texture": "#1"},
				"south": {"uv": [6, 6, 7, 7], "texture": "#1"},
				"west": {"uv": [4.5, 3.5, 5.5, 8], "rotation": 90, "texture": "#1"},
				"up": {"uv": [0.5, 3.5, 1.5, 8], "rotation": 180, "texture": "#1"},
				"down": {"uv": [3, 3.5, 4, 8], "texture": "#1"}
			}
		},
		{
			"from": [0.2, 1.1, 4.1],
			"to": [1.2, 2.1, 11.8],
			"faces": {
				"north": {"uv": [6, 6, 7, 7], "rotation": 180, "texture": "#1"},
				"east": {"uv": [0, 3.5, 1, 8], "rotation": 270, "texture": "#1"},
				"south": {"uv": [6, 6, 7, 7], "texture": "#1"},
				"west": {"uv": [4.5, 3.5, 5.5, 8], "rotation": 90, "texture": "#1"},
				"up": {"uv": [0.5, 3.5, 1.5, 8], "rotation": 180, "texture": "#1"},
				"down": {"uv": [3, 3.5, 4, 8], "texture": "#1"}
			}
		},
		{
			"from": [1, 0.2, 3.4],
			"to": [16, 1.2, 12.4],
			"faces": {
				"north": {"uv": [0, 6.5, 8, 8], "texture": "#1"},
				"east": {"uv": [0, 6.5, 8, 8], "texture": "#1"},
				"south": {"uv": [0, 6.5, 8, 8], "texture": "#1"},
				"west": {"uv": [0, 6.5, 8, 8], "texture": "#1"},
				"up": {"uv": [8, 8, 0, 0], "texture": "#1"},
				"down": {"uv": [8, 8, 0, 0], "texture": "#1"}
			}
		}
	],
	"display": {
		"thirdperson_righthand": {
			"rotation": [90, 0, 0],
			"translation": [0, 1.5, 2],
			"scale": [0.31914, 0.31914, 0.31914]
		},
		"thirdperson_lefthand": {
			"scale": [0.2, 0.2, 0.2]
		},
		"firstperson_righthand": {
			"scale": [0.3, 0.3, 0.3]
		},
		"firstperson_lefthand": {
			"scale": [0.3, 0.3, 0.3]
		},
		"ground": {
			"translation": [0, 2, 0],
			"scale": [0.3, 0.3, 0.3]
		},
		"gui": {
			"rotation": [30, 148, 0],
			"translation": [0, -2.5, 0],
			"scale": [0.4, 0.4, 0.4]
		},
		"fixed": {
			"rotation": [-90, 0, 0],
			"translation": [0, 0, -16],
			"scale": [2, 2, 2]
		}
	}
}